setup,gene,num_mutated,model,graph,gene_selection,cancer type,num_layer,channels,batch,lr,ratio,dropout,aggregation,criterion,max_features,n_estimator,val_auc,val_acc,val_prec,val_recall
sorafenib_targets,BRAF,4153,GCN,funcoup,NA,pan_cancer,1,32,4,1.0000000000000001e-07,NA,False,hierarchy,NA,NA,NA,0.6925788251973354,0.5327720986169573,0.0,0.0
sorafenib_targets,BRAF,4153,GCN,funcoup,NA,pan_cancer,1,32,4,1.0000000000000002e-06,NA,False,hierarchy,NA,NA,NA,0.7511032477172431,0.672279013830427,0.6446384039900249,0.6653796653796654
sorafenib_targets,BRAF,4153,GCN,funcoup,NA,pan_cancer,1,32,4,1e-05,NA,False,hierarchy,NA,NA,NA,0.8319911333455351,0.751052315093205,0.7604017216642754,0.6821106821106822
sorafenib_targets,BRAF,4153,GCN,funcoup,NA,pan_cancer,1,32,8,1.0000000000000001e-07,NA,False,hierarchy,NA,NA,NA,0.6418911655931971,0.5327720986169573,0.0,0.0
sorafenib_targets,BRAF,4153,GCN,funcoup,NA,pan_cancer,1,32,8,1.0000000000000002e-06,NA,False,hierarchy,NA,NA,NA,0.7451759240698294,0.6704750450992183,0.6451204055766794,0.6550836550836551
sorafenib_targets,BRAF,4153,GCN,funcoup,NA,pan_cancer,1,32,8,1e-05,NA,False,hierarchy,NA,NA,NA,0.8092870361493386,0.7203848466626579,0.7178770949720671,0.6615186615186616
sorafenib_targets,BRAF,4153,GCN,funcoup,NA,pan_cancer,1,32,12,1.0000000000000001e-07,NA,False,hierarchy,NA,NA,NA,0.6238992943281882,0.5327720986169573,0.0,0.0
sorafenib_targets,BRAF,4153,GCN,funcoup,NA,pan_cancer,1,32,12,1.0000000000000002e-06,NA,False,hierarchy,NA,NA,NA,0.7095945510166729,0.539987973541792,0.7727272727272727,0.021879021879021878
sorafenib_targets,BRAF,4153,GCN,funcoup,NA,pan_cancer,1,32,12,1e-05,NA,False,hierarchy,NA,NA,NA,0.8097809192617319,0.7221888153938665,0.7279305354558611,0.6473616473616474
sorafenib_targets,BRAF,4153,GCN,funcoup,NA,pan_cancer,1,40,4,1.0000000000000001e-07,NA,False,hierarchy,NA,NA,NA,0.6823866756146666,0.5327720986169573,0.0,0.0
sorafenib_targets,BRAF,4153,GCN,funcoup,NA,pan_cancer,1,40,4,1.0000000000000002e-06,NA,False,hierarchy,NA,NA,NA,0.7479380380057581,0.6710763680096211,0.6402439024390244,0.6756756756756757
sorafenib_targets,BRAF,4153,GCN,funcoup,NA,pan_cancer,1,40,4,1e-05,NA,False,hierarchy,NA,NA,NA,0.834588377477768,0.7492483463619964,0.7549575070821529,0.685971685971686
sorafenib_targets,BRAF,4153,GCN,funcoup,NA,pan_cancer,1,40,8,1.0000000000000001e-07,NA,False,hierarchy,NA,NA,NA,0.6618266121652127,0.5327720986169573,0.0,0.0
sorafenib_targets,BRAF,4153,GCN,funcoup,NA,pan_cancer,1,40,8,1.0000000000000002e-06,NA,False,hierarchy,NA,NA,NA,0.744873057514141,0.6704750450992183,0.6394640682095006,0.6756756756756757
sorafenib_targets,BRAF,4153,GCN,funcoup,NA,pan_cancer,1,40,8,1e-05,NA,False,hierarchy,NA,NA,NA,0.8025600576390645,0.7209861695730607,0.7232524964336662,0.6525096525096525
sorafenib_targets,BRAF,4153,GCN,funcoup,NA,pan_cancer,1,40,12,1.0000000000000001e-07,NA,False,hierarchy,NA,NA,NA,0.6464530476945827,0.5327720986169573,0.0,0.0
sorafenib_targets,BRAF,4153,GCN,funcoup,NA,pan_cancer,1,40,12,1.0000000000000002e-06,NA,False,hierarchy,NA,NA,NA,0.7301800349204413,0.666867107636801,0.6416772554002541,0.6499356499356499
sorafenib_targets,BRAF,4153,GCN,funcoup,NA,pan_cancer,1,40,12,1e-05,NA,False,hierarchy,NA,NA,NA,0.8271685100127538,0.745640408899579,0.7521367521367521,0.6795366795366795
sorafenib_targets,BRAF,4153,GCN,funcoup,NA,pan_cancer,1,48,4,1.0000000000000001e-07,NA,False,hierarchy,NA,NA,NA,0.6816269671800146,0.5327720986169573,0.0,0.0
sorafenib_targets,BRAF,4153,GCN,funcoup,NA,pan_cancer,1,48,4,1.0000000000000002e-06,NA,False,hierarchy,NA,NA,NA,0.7661753982295743,0.6855081178592904,0.6560196560196561,0.6872586872586872
sorafenib_targets,BRAF,4153,GCN,funcoup,NA,pan_cancer,1,48,4,1e-05,NA,False,hierarchy,NA,NA,NA,0.8288811223348469,0.7444377630787733,0.748587570621469,0.6821106821106822
sorafenib_targets,BRAF,4153,GCN,funcoup,NA,pan_cancer,1,48,8,1.0000000000000001e-07,NA,False,hierarchy,NA,NA,NA,0.6649061186307235,0.5327720986169573,0.0,0.0
sorafenib_targets,BRAF,4153,GCN,funcoup,NA,pan_cancer,1,48,8,1.0000000000000002e-06,NA,False,hierarchy,NA,NA,NA,0.758958894399075,0.6794948887552615,0.6506172839506172,0.6782496782496783
sorafenib_targets,BRAF,4153,GCN,funcoup,NA,pan_cancer,1,48,8,1e-05,NA,False,hierarchy,NA,NA,NA,0.8278497781883787,0.7444377630787733,0.7514285714285714,0.676962676962677
sorafenib_targets,BRAF,4153,GCN,funcoup,NA,pan_cancer,1,48,12,1.0000000000000001e-07,NA,False,hierarchy,NA,NA,NA,0.6491214690988957,0.5327720986169573,0.0,0.0
sorafenib_targets,BRAF,4153,GCN,funcoup,NA,pan_cancer,1,48,12,1.0000000000000002e-06,NA,False,hierarchy,NA,NA,NA,0.7579115716813234,0.6788935658448587,0.6494464944649446,0.6795366795366795
sorafenib_targets,BRAF,4153,GCN,funcoup,NA,pan_cancer,1,48,12,1e-05,NA,False,hierarchy,NA,NA,NA,0.8281591814323193,0.7414311485267588,0.7503607503607503,0.6692406692406693
sorafenib_targets,BRAF,4153,GCN,funcoup,NA,pan_cancer,2,32,4,1.0000000000000001e-07,NA,False,hierarchy,NA,NA,NA,0.6224960852500356,0.5327720986169573,0.0,0.0
sorafenib_targets,BRAF,4153,GCN,funcoup,NA,pan_cancer,2,32,4,1.0000000000000002e-06,NA,False,hierarchy,NA,NA,NA,0.68939037392762,0.5327720986169573,0.0,0.0
sorafenib_targets,BRAF,4153,GCN,funcoup,NA,pan_cancer,2,32,4,1e-05,NA,False,hierarchy,NA,NA,NA,0.8326389917812039,0.7486470234515935,0.7567954220314735,0.6808236808236808
sorafenib_targets,BRAF,4153,GCN,funcoup,NA,pan_cancer,2,32,8,1.0000000000000001e-07,NA,False,hierarchy,NA,NA,NA,0.6059016126736217,0.5327720986169573,0.0,0.0
sorafenib_targets,BRAF,4153,GCN,funcoup,NA,pan_cancer,2,32,8,1.0000000000000002e-06,NA,False,hierarchy,NA,NA,NA,0.6891485164622863,0.5327720986169573,0.0,0.0
sorafenib_targets,BRAF,4153,GCN,funcoup,NA,pan_cancer,2,32,8,1e-05,NA,False,hierarchy,NA,NA,NA,0.8102370348420009,0.7251954299458809,0.726628895184136,0.6602316602316602
sorafenib_targets,BRAF,4153,GCN,funcoup,NA,pan_cancer,2,32,12,1.0000000000000001e-07,NA,False,hierarchy,NA,NA,NA,0.598435262092147,0.5327720986169573,0.0,0.0
sorafenib_targets,BRAF,4153,GCN,funcoup,NA,pan_cancer,2,32,12,1.0000000000000002e-06,NA,False,hierarchy,NA,NA,NA,0.6883866291315501,0.5327720986169573,0.0,0.0
sorafenib_targets,BRAF,4153,GCN,funcoup,NA,pan_cancer,2,32,12,1e-05,NA,False,hierarchy,NA,NA,NA,0.8037831446409325,0.7185808779314492,0.7191489361702128,0.6525096525096525
sorafenib_targets,BRAF,4153,GCN,funcoup,NA,pan_cancer,2,40,4,1.0000000000000001e-07,NA,False,hierarchy,NA,NA,NA,0.612028668462077,0.5327720986169573,0.0,0.0
sorafenib_targets,BRAF,4153,GCN,funcoup,NA,pan_cancer,2,40,4,1.0000000000000002e-06,NA,False,hierarchy,NA,NA,NA,0.6890039830220417,0.5327720986169573,0.0,0.0
sorafenib_targets,BRAF,4153,GCN,funcoup,NA,pan_cancer,2,40,4,1e-05,NA,False,hierarchy,NA,NA,NA,0.8109662387314758,0.7312086590499098,0.734375,0.6653796653796654
sorafenib_targets,BRAF,4153,GCN,funcoup,NA,pan_cancer,2,40,8,1.0000000000000001e-07,NA,False,hierarchy,NA,NA,NA,0.5930955140887421,0.5327720986169573,0.0,0.0
sorafenib_targets,BRAF,4153,GCN,funcoup,NA,pan_cancer,2,40,8,1.0000000000000002e-06,NA,False,hierarchy,NA,NA,NA,0.6855555168196252,0.5327720986169573,0.0,0.0
sorafenib_targets,BRAF,4153,GCN,funcoup,NA,pan_cancer,2,40,8,1e-05,NA,False,hierarchy,NA,NA,NA,0.7953145018607772,0.719182200841852,0.7183098591549296,0.6563706563706564
sorafenib_targets,BRAF,4153,GCN,funcoup,NA,pan_cancer,2,40,12,1.0000000000000001e-07,NA,False,hierarchy,NA,NA,NA,0.5833979739171613,0.5327720986169573,0.0,0.0
sorafenib_targets,BRAF,4153,GCN,funcoup,NA,pan_cancer,2,40,12,1.0000000000000002e-06,NA,False,hierarchy,NA,NA,NA,0.6819908428260573,0.5327720986169573,0.0,0.0
sorafenib_targets,BRAF,4153,GCN,funcoup,NA,pan_cancer,2,40,12,1e-05,NA,False,hierarchy,NA,NA,NA,0.795217177835688,0.7167769092002405,0.7173295454545454,0.6499356499356499
sorafenib_targets,BRAF,4153,GCN,funcoup,NA,pan_cancer,2,48,4,1.0000000000000001e-07,NA,False,hierarchy,NA,NA,NA,0.5800286742724666,0.5327720986169573,0.0,0.0
sorafenib_targets,BRAF,4153,GCN,funcoup,NA,pan_cancer,2,48,4,1.0000000000000002e-06,NA,False,hierarchy,NA,NA,NA,0.6764295737207701,0.5327720986169573,0.0,0.0
sorafenib_targets,BRAF,4153,GCN,funcoup,NA,pan_cancer,2,48,4,1e-05,NA,False,hierarchy,NA,NA,NA,0.8181827425619752,0.7318099819603127,0.7381294964028777,0.6602316602316602
sorafenib_targets,BRAF,4153,GCN,funcoup,NA,pan_cancer,2,48,8,1.0000000000000001e-07,NA,False,hierarchy,NA,NA,NA,0.5573216718814913,0.5327720986169573,0.0,0.0
sorafenib_targets,BRAF,4153,GCN,funcoup,NA,pan_cancer,2,48,8,1.0000000000000002e-06,NA,False,hierarchy,NA,NA,NA,0.6698093611186162,0.5327720986169573,0.0,0.0
sorafenib_targets,BRAF,4153,GCN,funcoup,NA,pan_cancer,2,48,8,1e-05,NA,False,hierarchy,NA,NA,NA,0.8161767055672249,0.7294046903187011,0.7379912663755459,0.6525096525096525
sorafenib_targets,BRAF,4153,GCN,funcoup,NA,pan_cancer,2,48,12,1.0000000000000001e-07,NA,False,hierarchy,NA,NA,NA,0.5453798687432998,0.5327720986169573,0.0,0.0
sorafenib_targets,BRAF,4153,GCN,funcoup,NA,pan_cancer,2,48,12,1.0000000000000002e-06,NA,False,hierarchy,NA,NA,NA,0.664556768958575,0.5327720986169573,0.0,0.0
sorafenib_targets,BRAF,4153,GCN,funcoup,NA,pan_cancer,2,48,12,1e-05,NA,False,hierarchy,NA,NA,NA,0.8066970550040528,0.7209861695730607,0.7318518518518519,0.6357786357786358
sorafenib_targets,BRAF,4153,GCN,funcoup,NA,pan_cancer,3,32,4,1.0000000000000001e-07,NA,False,hierarchy,NA,NA,NA,0.6110626911981314,0.5327720986169573,0.0,0.0
sorafenib_targets,BRAF,4153,GCN,funcoup,NA,pan_cancer,3,32,4,1.0000000000000002e-06,NA,False,hierarchy,NA,NA,NA,0.6887243580245839,0.5327720986169573,0.0,0.0
sorafenib_targets,BRAF,4153,GCN,funcoup,NA,pan_cancer,3,32,4,1e-05,NA,False,hierarchy,NA,NA,NA,0.7808887571867258,0.6927239927841251,0.6857541899441341,0.631917631917632
sorafenib_targets,BRAF,4153,GCN,funcoup,NA,pan_cancer,3,32,8,1.0000000000000001e-07,NA,False,hierarchy,NA,NA,NA,0.605951000984861,0.5327720986169573,0.0,0.0
sorafenib_targets,BRAF,4153,GCN,funcoup,NA,pan_cancer,3,32,8,1.0000000000000002e-06,NA,False,hierarchy,NA,NA,NA,0.6798903870009965,0.5327720986169573,0.0,0.0
sorafenib_targets,BRAF,4153,GCN,funcoup,NA,pan_cancer,3,32,8,1e-05,NA,False,hierarchy,NA,NA,NA,0.6915075346226587,0.5333734215273602,1.0,0.001287001287001287
sorafenib_targets,BRAF,4153,GCN,funcoup,NA,pan_cancer,3,32,12,1.0000000000000001e-07,NA,False,hierarchy,NA,NA,NA,0.6028359058833099,0.5327720986169573,0.0,0.0
sorafenib_targets,BRAF,4153,GCN,funcoup,NA,pan_cancer,3,32,12,1.0000000000000002e-06,NA,False,hierarchy,NA,NA,NA,0.6726361156383729,0.5327720986169573,0.0,0.0
sorafenib_targets,BRAF,4153,GCN,funcoup,NA,pan_cancer,3,32,12,1e-05,NA,False,hierarchy,NA,NA,NA,0.6868156450549228,0.5327720986169573,0.0,0.0
sorafenib_targets,BRAF,4153,GCN,funcoup,NA,pan_cancer,3,40,4,1.0000000000000001e-07,NA,False,hierarchy,NA,NA,NA,0.4445173164134789,0.5327720986169573,0.0,0.0
sorafenib_targets,BRAF,4153,GCN,funcoup,NA,pan_cancer,3,40,4,1.0000000000000002e-06,NA,False,hierarchy,NA,NA,NA,0.6792686753183368,0.5327720986169573,0.0,0.0
sorafenib_targets,BRAF,4153,GCN,funcoup,NA,pan_cancer,3,40,4,1e-05,NA,False,hierarchy,NA,NA,NA,0.7974425570362365,0.7119663259170175,0.7153179190751445,0.637065637065637
sorafenib_targets,BRAF,4153,GCN,funcoup,NA,pan_cancer,3,40,8,1.0000000000000001e-07,NA,False,hierarchy,NA,NA,NA,0.4363893077211362,0.5327720986169573,0.0,0.0
sorafenib_targets,BRAF,4153,GCN,funcoup,NA,pan_cancer,3,40,8,1.0000000000000002e-06,NA,False,hierarchy,NA,NA,NA,0.6176073687360369,0.5327720986169573,0.0,0.0
sorafenib_targets,BRAF,4153,GCN,funcoup,NA,pan_cancer,3,40,8,1e-05,NA,False,hierarchy,NA,NA,NA,0.699431453381792,0.5363800360793747,0.875,0.009009009009009009
sorafenib_targets,BRAF,4153,GCN,funcoup,NA,pan_cancer,3,40,12,1.0000000000000001e-07,NA,False,hierarchy,NA,NA,NA,0.434411596375479,0.5327720986169573,0.0,0.0
sorafenib_targets,BRAF,4153,GCN,funcoup,NA,pan_cancer,3,40,12,1.0000000000000002e-06,NA,False,hierarchy,NA,NA,NA,0.5782499687691561,0.5327720986169573,0.0,0.0
sorafenib_targets,BRAF,4153,GCN,funcoup,NA,pan_cancer,3,40,12,1e-05,NA,False,hierarchy,NA,NA,NA,0.697742082617929,0.5327720986169573,0.0,0.0
sorafenib_targets,BRAF,4153,GCN,funcoup,NA,pan_cancer,3,48,4,1.0000000000000001e-07,NA,False,hierarchy,NA,NA,NA,0.5430368291542106,0.5327720986169573,0.0,0.0
sorafenib_targets,BRAF,4153,GCN,funcoup,NA,pan_cancer,3,48,4,1.0000000000000002e-06,NA,False,hierarchy,NA,NA,NA,0.6825573558079201,0.5327720986169573,0.0,0.0
sorafenib_targets,BRAF,4153,GCN,funcoup,NA,pan_cancer,3,48,4,1e-05,NA,False,hierarchy,NA,NA,NA,0.7923032674725676,0.7137702946482261,0.7140825035561877,0.646074646074646
sorafenib_targets,BRAF,4153,GCN,funcoup,NA,pan_cancer,3,48,8,1.0000000000000001e-07,NA,False,hierarchy,NA,NA,NA,0.5290294325283038,0.5327720986169573,0.0,0.0
sorafenib_targets,BRAF,4153,GCN,funcoup,NA,pan_cancer,3,48,8,1.0000000000000002e-06,NA,False,hierarchy,NA,NA,NA,0.6679267949019642,0.5327720986169573,0.0,0.0
sorafenib_targets,BRAF,4153,GCN,funcoup,NA,pan_cancer,3,48,8,1e-05,NA,False,hierarchy,NA,NA,NA,0.7724462611595795,0.7023451593505713,0.6974789915966386,0.640926640926641
sorafenib_targets,BRAF,4153,GCN,funcoup,NA,pan_cancer,3,48,12,1.0000000000000001e-07,NA,False,hierarchy,NA,NA,NA,0.5229474072589196,0.5327720986169573,0.0,0.0
sorafenib_targets,BRAF,4153,GCN,funcoup,NA,pan_cancer,3,48,12,1.0000000000000002e-06,NA,False,hierarchy,NA,NA,NA,0.65636194078632,0.5327720986169573,0.0,0.0
sorafenib_targets,BRAF,4153,GCN,funcoup,NA,pan_cancer,3,48,12,1e-05,NA,False,hierarchy,NA,NA,NA,0.6941047787548915,0.5333734215273602,1.0,0.001287001287001287
sorafenib_targets,BRAF,4153,GCN,humannetv2,NA,pan_cancer,1,32,4,1.0000000000000001e-07,NA,False,hierarchy,NA,NA,NA,0.6902895317116536,0.5327720986169573,0.0,0.0
sorafenib_targets,BRAF,4153,GCN,humannetv2,NA,pan_cancer,1,32,4,1.0000000000000002e-06,NA,False,hierarchy,NA,NA,NA,0.7776015292945315,0.7065544197233915,0.6869340232858991,0.6833976833976834
sorafenib_targets,BRAF,4153,GCN,humannetv2,NA,pan_cancer,1,32,4,1e-05,NA,False,hierarchy,NA,NA,NA,0.8229617879730746,0.746241731809982,0.7503526093088858,0.6846846846846847
sorafenib_targets,BRAF,4153,GCN,humannetv2,NA,pan_cancer,1,32,8,1.0000000000000001e-07,NA,False,hierarchy,NA,NA,NA,0.6653339085618996,0.5327720986169573,0.0,0.0
sorafenib_targets,BRAF,4153,GCN,humannetv2,NA,pan_cancer,1,32,8,1.0000000000000002e-06,NA,False,hierarchy,NA,NA,NA,0.761897498917815,0.6945279615153337,0.6781456953642384,0.6589446589446589
sorafenib_targets,BRAF,4153,GCN,humannetv2,NA,pan_cancer,1,32,8,1e-05,NA,False,hierarchy,NA,NA,NA,0.8217909944772248,0.746241731809982,0.7482517482517482,0.6885456885456885
sorafenib_targets,BRAF,4153,GCN,humannetv2,NA,pan_cancer,1,32,12,1.0000000000000001e-07,NA,False,hierarchy,NA,NA,NA,0.6485302619614132,0.5327720986169573,0.0,0.0
sorafenib_targets,BRAF,4153,GCN,humannetv2,NA,pan_cancer,1,32,12,1.0000000000000002e-06,NA,False,hierarchy,NA,NA,NA,0.7600643210124024,0.6927239927841251,0.6763925729442971,0.6563706563706564
sorafenib_targets,BRAF,4153,GCN,humannetv2,NA,pan_cancer,1,32,12,1e-05,NA,False,hierarchy,NA,NA,NA,0.8214786860385055,0.7450390859891762,0.7461645746164575,0.6885456885456885
sorafenib_targets,BRAF,4153,GCN,humannetv2,NA,pan_cancer,1,40,4,1.0000000000000001e-07,NA,False,hierarchy,NA,NA,NA,0.6290850670083177,0.5327720986169573,0.0,0.0
sorafenib_targets,BRAF,4153,GCN,humannetv2,NA,pan_cancer,1,40,4,1.0000000000000002e-06,NA,False,hierarchy,NA,NA,NA,0.7651295281092121,0.6915213469633193,0.6793478260869565,0.6435006435006435
sorafenib_targets,BRAF,4153,GCN,humannetv2,NA,pan_cancer,1,40,4,1e-05,NA,False,hierarchy,NA,NA,NA,0.8276885398781562,0.7528562838244137,0.7592067988668555,0.6898326898326899
sorafenib_targets,BRAF,4153,GCN,humannetv2,NA,pan_cancer,1,40,8,1.0000000000000001e-07,NA,False,hierarchy,NA,NA,NA,0.574695462957314,0.5333734215273602,1.0,0.001287001287001287
sorafenib_targets,BRAF,4153,GCN,humannetv2,NA,pan_cancer,1,40,8,1.0000000000000002e-06,NA,False,hierarchy,NA,NA,NA,0.7580887885628291,0.687913409500902,0.6822033898305084,0.6216216216216216
sorafenib_targets,BRAF,4153,GCN,humannetv2,NA,pan_cancer,1,40,8,1e-05,NA,False,hierarchy,NA,NA,NA,0.8168187536133359,0.7474443776307877,0.7531914893617021,0.6833976833976834
sorafenib_targets,BRAF,4153,GCN,humannetv2,NA,pan_cancer,1,40,12,1.0000000000000001e-07,NA,False,hierarchy,NA,NA,NA,0.5570042793519091,0.533974744437763,1.0,0.002574002574002574
sorafenib_targets,BRAF,4153,GCN,humannetv2,NA,pan_cancer,1,40,12,1.0000000000000002e-06,NA,False,hierarchy,NA,NA,NA,0.7494690756541772,0.6800962116656645,0.6893353941267388,0.574002574002574
sorafenib_targets,BRAF,4153,GCN,humannetv2,NA,pan_cancer,1,40,12,1e-05,NA,False,hierarchy,NA,NA,NA,0.8136608068887978,0.7414311485267588,0.7475035663338089,0.6743886743886743
sorafenib_targets,BRAF,4153,GCN,humannetv2,NA,pan_cancer,1,48,4,1.0000000000000001e-07,NA,False,hierarchy,NA,NA,NA,0.6402293941797327,0.5327720986169573,0.0,0.0
sorafenib_targets,BRAF,4153,GCN,humannetv2,NA,pan_cancer,1,48,4,1.0000000000000002e-06,NA,False,hierarchy,NA,NA,NA,0.7598348106248783,0.6897173782321107,0.6795048143053645,0.6357786357786358
sorafenib_targets,BRAF,4153,GCN,humannetv2,NA,pan_cancer,1,48,4,1e-05,NA,False,hierarchy,NA,NA,NA,0.8302727106338845,0.7522549609140108,0.760342368045649,0.685971685971686
sorafenib_targets,BRAF,4153,GCN,humannetv2,NA,pan_cancer,1,48,8,1.0000000000000001e-07,NA,False,hierarchy,NA,NA,NA,0.6259648878159036,0.5327720986169573,0.0,0.0
sorafenib_targets,BRAF,4153,GCN,humannetv2,NA,pan_cancer,1,48,8,1.0000000000000002e-06,NA,False,hierarchy,NA,NA,NA,0.7555438379366144,0.6867107636800962,0.6767955801104972,0.6306306306306306
sorafenib_targets,BRAF,4153,GCN,humannetv2,NA,pan_cancer,1,48,8,1e-05,NA,False,hierarchy,NA,NA,NA,0.8280429736411677,0.751653638003608,0.7585227272727273,0.6872586872586872
sorafenib_targets,BRAF,4153,GCN,humannetv2,NA,pan_cancer,1,48,12,1.0000000000000001e-07,NA,False,hierarchy,NA,NA,NA,0.6203200943607264,0.5327720986169573,0.0,0.0
sorafenib_targets,BRAF,4153,GCN,humannetv2,NA,pan_cancer,1,48,12,1.0000000000000002e-06,NA,False,hierarchy,NA,NA,NA,0.7773059257257903,0.7047504509921828,0.6842783505154639,0.6833976833976834
sorafenib_targets,BRAF,4153,GCN,humannetv2,NA,pan_cancer,1,48,12,1e-05,NA,False,hierarchy,NA,NA,NA,0.809907295234609,0.7282020444978954,0.7318116975748931,0.6602316602316602
sorafenib_targets,BRAF,4153,GCN,humannetv2,NA,pan_cancer,2,32,4,1.0000000000000001e-07,NA,False,hierarchy,NA,NA,NA,0.6140797359758986,0.5327720986169573,0.0,0.0
sorafenib_targets,BRAF,4153,GCN,humannetv2,NA,pan_cancer,2,32,4,1.0000000000000002e-06,NA,False,hierarchy,NA,NA,NA,0.7167464142633443,0.5327720986169573,0.0,0.0
sorafenib_targets,BRAF,4153,GCN,humannetv2,NA,pan_cancer,2,32,4,1e-05,NA,False,hierarchy,NA,NA,NA,0.7947901142032068,0.7203848466626579,0.7191011235955056,0.6589446589446589
sorafenib_targets,BRAF,4153,GCN,humannetv2,NA,pan_cancer,2,32,8,1.0000000000000001e-07,NA,False,hierarchy,NA,NA,NA,0.6004304046064769,0.5327720986169573,0.0,0.0
sorafenib_targets,BRAF,4153,GCN,humannetv2,NA,pan_cancer,2,32,8,1.0000000000000002e-06,NA,False,hierarchy,NA,NA,NA,0.7091863711502538,0.5327720986169573,0.0,0.0
sorafenib_targets,BRAF,4153,GCN,humannetv2,NA,pan_cancer,2,32,8,1e-05,NA,False,hierarchy,NA,NA,NA,0.78794983309656,0.7113650030066145,0.7071129707112971,0.6525096525096525
sorafenib_targets,BRAF,4153,GCN,humannetv2,NA,pan_cancer,2,32,12,1.0000000000000001e-07,NA,False,hierarchy,NA,NA,NA,0.5941980355072906,0.5327720986169573,0.0,0.0
sorafenib_targets,BRAF,4153,GCN,humannetv2,NA,pan_cancer,2,32,12,1.0000000000000002e-06,NA,False,hierarchy,NA,NA,NA,0.7025828634180779,0.5327720986169573,0.0,0.0
sorafenib_targets,BRAF,4153,GCN,humannetv2,NA,pan_cancer,2,32,12,1e-05,NA,False,hierarchy,NA,NA,NA,0.7853721990290838,0.7107636800962117,0.7044198895027625,0.6563706563706564
sorafenib_targets,BRAF,4153,GCN,humannetv2,NA,pan_cancer,2,40,4,1.0000000000000001e-07,NA,False,hierarchy,NA,NA,NA,0.5740105632882156,0.5327720986169573,0.0,0.0
sorafenib_targets,BRAF,4153,GCN,humannetv2,NA,pan_cancer,2,40,4,1.0000000000000002e-06,NA,False,hierarchy,NA,NA,NA,0.7306811810197815,0.5327720986169573,0.0,0.0
sorafenib_targets,BRAF,4153,GCN,humannetv2,NA,pan_cancer,2,40,4,1e-05,NA,False,hierarchy,NA,NA,NA,0.7960538739319778,0.7221888153938665,0.7259684361549498,0.6512226512226512
sorafenib_targets,BRAF,4153,GCN,humannetv2,NA,pan_cancer,2,40,8,1.0000000000000001e-07,NA,False,hierarchy,NA,NA,NA,0.5507377742140722,0.5327720986169573,0.0,0.0
sorafenib_targets,BRAF,4153,GCN,humannetv2,NA,pan_cancer,2,40,8,1.0000000000000002e-06,NA,False,hierarchy,NA,NA,NA,0.7253501486007129,0.5327720986169573,0.0,0.0
sorafenib_targets,BRAF,4153,GCN,humannetv2,NA,pan_cancer,2,40,8,1e-05,NA,False,hierarchy,NA,NA,NA,0.7940478369372275,0.7203848466626579,0.7191011235955056,0.6589446589446589
sorafenib_targets,BRAF,4153,GCN,humannetv2,NA,pan_cancer,2,40,12,1.0000000000000001e-07,NA,False,hierarchy,NA,NA,NA,0.5404359535285044,0.5327720986169573,0.0,0.0
sorafenib_targets,BRAF,4153,GCN,humannetv2,NA,pan_cancer,2,40,12,1.0000000000000002e-06,NA,False,hierarchy,NA,NA,NA,0.718933299633074,0.5327720986169573,0.0,0.0
sorafenib_targets,BRAF,4153,GCN,humannetv2,NA,pan_cancer,2,40,12,1e-05,NA,False,hierarchy,NA,NA,NA,0.7929148109735018,0.7167769092002405,0.7142857142857143,0.6563706563706564
sorafenib_targets,BRAF,4153,GCN,humannetv2,NA,pan_cancer,2,48,4,1.0000000000000001e-07,NA,False,hierarchy,NA,NA,NA,0.5971010513899904,0.5327720986169573,0.0,0.0
sorafenib_targets,BRAF,4153,GCN,humannetv2,NA,pan_cancer,2,48,4,1.0000000000000002e-06,NA,False,hierarchy,NA,NA,NA,0.7368162260938785,0.5327720986169573,0.0,0.0
sorafenib_targets,BRAF,4153,GCN,humannetv2,NA,pan_cancer,2,48,4,1e-05,NA,False,hierarchy,NA,NA,NA,0.7955367492613543,0.719783523752255,0.7138927097661623,0.667953667953668
sorafenib_targets,BRAF,4153,GCN,humannetv2,NA,pan_cancer,2,48,8,1.0000000000000001e-07,NA,False,hierarchy,NA,NA,NA,0.5846094401399142,0.5327720986169573,0.0,0.0
sorafenib_targets,BRAF,4153,GCN,humannetv2,NA,pan_cancer,2,48,8,1.0000000000000002e-06,NA,False,hierarchy,NA,NA,NA,0.7373674868031527,0.5327720986169573,0.0,0.0
sorafenib_targets,BRAF,4153,GCN,humannetv2,NA,pan_cancer,2,48,8,1e-05,NA,False,hierarchy,NA,NA,NA,0.7922960044856207,0.719783523752255,0.7127222982216143,0.6705276705276705
sorafenib_targets,BRAF,4153,GCN,humannetv2,NA,pan_cancer,2,48,12,1.0000000000000001e-07,NA,False,hierarchy,NA,NA,NA,0.5811754999113916,0.5327720986169573,0.0,0.0
sorafenib_targets,BRAF,4153,GCN,humannetv2,NA,pan_cancer,2,48,12,1.0000000000000002e-06,NA,False,hierarchy,NA,NA,NA,0.7338805267699172,0.5327720986169573,0.0,0.0
sorafenib_targets,BRAF,4153,GCN,humannetv2,NA,pan_cancer,2,48,12,1e-05,NA,False,hierarchy,NA,NA,NA,0.7873455525825729,0.7131689717378232,0.7054794520547946,0.6628056628056628
sorafenib_targets,BRAF,4153,GCN,humannetv2,NA,pan_cancer,3,32,4,1.0000000000000001e-07,NA,False,hierarchy,NA,NA,NA,0.5051763307970983,0.4672279013830427,0.4672279013830427,1.0
sorafenib_targets,BRAF,4153,GCN,humannetv2,NA,pan_cancer,3,32,4,1.0000000000000002e-06,NA,False,hierarchy,NA,NA,NA,0.6715938770114843,0.5327720986169573,0.0,0.0
sorafenib_targets,BRAF,4153,GCN,humannetv2,NA,pan_cancer,3,32,4,1e-05,NA,False,hierarchy,NA,NA,NA,0.8129010984541458,0.73541791942273,0.745985401459854,0.6576576576576577
sorafenib_targets,BRAF,4153,GCN,humannetv2,NA,pan_cancer,3,32,8,1.0000000000000001e-07,NA,False,hierarchy,NA,NA,NA,0.4990362016321384,0.4672279013830427,0.4672279013830427,1.0
sorafenib_targets,BRAF,4153,GCN,humannetv2,NA,pan_cancer,3,32,8,1.0000000000000002e-06,NA,False,hierarchy,NA,NA,NA,0.6280283024075349,0.5327720986169573,0.0,0.0
sorafenib_targets,BRAF,4153,GCN,humannetv2,NA,pan_cancer,3,32,8,1e-05,NA,False,hierarchy,NA,NA,NA,0.6955719021181775,0.5327720986169573,0.0,0.0
sorafenib_targets,BRAF,4153,GCN,humannetv2,NA,pan_cancer,3,32,12,1.0000000000000001e-07,NA,False,hierarchy,NA,NA,NA,0.4965856698362342,0.4672279013830427,0.4672279013830427,1.0
sorafenib_targets,BRAF,4153,GCN,humannetv2,NA,pan_cancer,3,32,12,1.0000000000000002e-06,NA,False,hierarchy,NA,NA,NA,0.5997171792882854,0.5327720986169573,0.0,0.0
sorafenib_targets,BRAF,4153,GCN,humannetv2,NA,pan_cancer,3,32,12,1e-05,NA,False,hierarchy,NA,NA,NA,0.695568270624704,0.5327720986169573,0.0,0.0
sorafenib_targets,BRAF,4153,GCN,humannetv2,NA,pan_cancer,3,40,4,1.0000000000000001e-07,NA,False,hierarchy,NA,NA,NA,0.4607653445125228,0.5327720986169573,0.0,0.0
sorafenib_targets,BRAF,4153,GCN,humannetv2,NA,pan_cancer,3,40,4,1.0000000000000002e-06,NA,False,hierarchy,NA,NA,NA,0.6287822004526292,0.5327720986169573,0.0,0.0
sorafenib_targets,BRAF,4153,GCN,humannetv2,NA,pan_cancer,3,40,4,1e-05,NA,False,hierarchy,NA,NA,NA,0.8165783487453917,0.7360192423331329,0.7485294117647059,0.6550836550836551
sorafenib_targets,BRAF,4153,GCN,humannetv2,NA,pan_cancer,3,40,8,1.0000000000000001e-07,NA,False,hierarchy,NA,NA,NA,0.45310289328348025,0.5327720986169573,0.0,0.0
sorafenib_targets,BRAF,4153,GCN,humannetv2,NA,pan_cancer,3,40,8,1.0000000000000002e-06,NA,False,hierarchy,NA,NA,NA,0.5868435349247991,0.5327720986169573,0.0,0.0
sorafenib_targets,BRAF,4153,GCN,humannetv2,NA,pan_cancer,3,40,8,1e-05,NA,False,hierarchy,NA,NA,NA,0.8020596378384188,0.7282020444978954,0.7365356622998545,0.6512226512226512
sorafenib_targets,BRAF,4153,GCN,humannetv2,NA,pan_cancer,3,40,12,1.0000000000000001e-07,NA,False,hierarchy,NA,NA,NA,0.44989918974117626,0.5327720986169573,0.0,0.0
sorafenib_targets,BRAF,4153,GCN,humannetv2,NA,pan_cancer,3,40,12,1.0000000000000002e-06,NA,False,hierarchy,NA,NA,NA,0.5617208630752649,0.5327720986169573,0.0,0.0
sorafenib_targets,BRAF,4153,GCN,humannetv2,NA,pan_cancer,3,40,12,1e-05,NA,False,hierarchy,NA,NA,NA,0.6860624733085231,0.5327720986169573,0.5,0.001287001287001287
sorafenib_targets,BRAF,4153,GCN,humannetv2,NA,pan_cancer,3,48,4,1.0000000000000001e-07,NA,False,hierarchy,NA,NA,NA,0.6437395957711984,0.5327720986169573,0.0,0.0
sorafenib_targets,BRAF,4153,GCN,humannetv2,NA,pan_cancer,3,48,4,1.0000000000000002e-06,NA,False,hierarchy,NA,NA,NA,0.6831086165171943,0.5327720986169573,0.0,0.0
sorafenib_targets,BRAF,4153,GCN,humannetv2,NA,pan_cancer,3,48,4,1e-05,NA,False,hierarchy,NA,NA,NA,0.8169901601052842,0.7432351172579675,0.7581120943952803,0.6615186615186616
sorafenib_targets,BRAF,4153,GCN,humannetv2,NA,pan_cancer,3,48,8,1.0000000000000001e-07,NA,False,hierarchy,NA,NA,NA,0.6354917477942308,0.4696331930246542,0.46835443037974683,1.0
sorafenib_targets,BRAF,4153,GCN,humannetv2,NA,pan_cancer,3,48,8,1.0000000000000002e-06,NA,False,hierarchy,NA,NA,NA,0.6760184886595721,0.5327720986169573,0.0,0.0
sorafenib_targets,BRAF,4153,GCN,humannetv2,NA,pan_cancer,3,48,8,1e-05,NA,False,hierarchy,NA,NA,NA,0.7972464563886685,0.7227901383042694,0.7257142857142858,0.6537966537966537
sorafenib_targets,BRAF,4153,GCN,humannetv2,NA,pan_cancer,3,48,12,1.0000000000000001e-07,NA,False,hierarchy,NA,NA,NA,0.6335162153446579,0.4672279013830427,0.4672279013830427,1.0
sorafenib_targets,BRAF,4153,GCN,humannetv2,NA,pan_cancer,3,48,12,1.0000000000000002e-06,NA,False,hierarchy,NA,NA,NA,0.6715604672715283,0.5327720986169573,0.0,0.0
sorafenib_targets,BRAF,4153,GCN,humannetv2,NA,pan_cancer,3,48,12,1e-05,NA,False,hierarchy,NA,NA,NA,0.796091641464102,0.7233914612146722,0.7241867043847242,0.6589446589446589
sorafenib_targets,BRAF,4153,ELR,NA,first_degree_neighbors,pan_cancer,NA,NA,NA,1e-05,0,NA,NA,NA,NA,NA,0.7861849272684487,0.7384245339747444,0.7514705882352941,0.6576576576576577
sorafenib_targets,BRAF,4153,ELR,NA,first_degree_neighbors,pan_cancer,NA,NA,NA,1e-05,0.3,NA,NA,NA,NA,NA,0.7866148960957087,0.7396271797955503,0.7521994134897361,0.6602316602316602
sorafenib_targets,BRAF,4153,ELR,NA,first_degree_neighbors,pan_cancer,NA,NA,NA,1e-05,0.5,NA,NA,NA,NA,NA,0.7869025103788083,0.7396271797955503,0.7521994134897361,0.6602316602316602
sorafenib_targets,BRAF,4153,ELR,NA,first_degree_neighbors,pan_cancer,NA,NA,NA,1e-05,0.7,NA,NA,NA,NA,NA,0.7872061032331912,0.7390258568851473,0.7518355359765051,0.6589446589446589
sorafenib_targets,BRAF,4153,ELR,NA,first_degree_neighbors,pan_cancer,NA,NA,NA,1e-05,1,NA,NA,NA,NA,NA,0.7876636714108497,0.7396271797955503,0.7529411764705882,0.6589446589446589
sorafenib_targets,BRAF,4153,ELR,NA,first_degree_neighbors,pan_cancer,NA,NA,NA,0.0001,0,NA,NA,NA,NA,NA,0.7868502168727902,0.7396271797955503,0.7529411764705882,0.6589446589446589
sorafenib_targets,BRAF,4153,ELR,NA,first_degree_neighbors,pan_cancer,NA,NA,NA,0.0001,0.3,NA,NA,NA,NA,NA,0.7910467707307436,0.7420324714371618,0.7551319648093842,0.6628056628056628
sorafenib_targets,BRAF,4153,ELR,NA,first_degree_neighbors,pan_cancer,NA,NA,NA,0.0001,0.5,NA,NA,NA,NA,NA,0.7936658038238174,0.7438364401683704,0.7547169811320755,0.6692406692406693
sorafenib_targets,BRAF,4153,ELR,NA,first_degree_neighbors,pan_cancer,NA,NA,NA,0.0001,0.7,NA,NA,NA,NA,NA,0.7961366719831732,0.7426337943475646,0.7532656023222061,0.667953667953668
sorafenib_targets,BRAF,4153,ELR,NA,first_degree_neighbors,pan_cancer,NA,NA,NA,0.0001,1,NA,NA,NA,NA,NA,0.799237967409525,0.7438364401683704,0.7539797395079595,0.6705276705276705
sorafenib_targets,BRAF,4153,ELR,NA,first_degree_neighbors,pan_cancer,NA,NA,NA,0.001,0,NA,NA,NA,NA,NA,0.7926838479885884,0.740829825616356,0.7536656891495601,0.6615186615186616
sorafenib_targets,BRAF,4153,ELR,NA,first_degree_neighbors,pan_cancer,NA,NA,NA,0.001,0.3,NA,NA,NA,NA,NA,0.8182495620418871,0.7630787733012627,0.7787481804949054,0.6885456885456885
sorafenib_targets,BRAF,4153,ELR,NA,first_degree_neighbors,pan_cancer,NA,NA,NA,0.001,0.5,NA,NA,NA,NA,NA,0.8274241671532868,0.7666867107636801,0.775886524822695,0.703989703989704
sorafenib_targets,BRAF,4153,ELR,NA,first_degree_neighbors,pan_cancer,NA,NA,NA,0.001,0.7,NA,NA,NA,NA,NA,0.8319882281507562,0.7660853878532772,0.7763532763532763,0.7014157014157014
sorafenib_targets,BRAF,4153,ELR,NA,first_degree_neighbors,pan_cancer,NA,NA,NA,0.001,1,NA,NA,NA,NA,NA,0.8368718605738922,0.7672880336740829,0.7754237288135594,0.7065637065637066
sorafenib_targets,BRAF,4153,ELR,NA,first_degree_neighbors,pan_cancer,NA,NA,NA,0.01,0,NA,NA,NA,NA,NA,0.8161389380351006,0.7606734816596512,0.7687943262411348,0.6975546975546976
sorafenib_targets,BRAF,4153,ELR,NA,first_degree_neighbors,pan_cancer,NA,NA,NA,0.01,0.3,NA,NA,NA,NA,NA,0.8438603066142569,0.7702946482260974,0.7709190672153635,0.7232947232947233
sorafenib_targets,BRAF,4153,ELR,NA,first_degree_neighbors,pan_cancer,NA,NA,NA,0.01,0.5,NA,NA,NA,NA,NA,0.8404743020995843,0.7630787733012627,0.7612551159618008,0.7181467181467182
sorafenib_targets,BRAF,4153,ELR,NA,first_degree_neighbors,pan_cancer,NA,NA,NA,0.01,0.7,NA,NA,NA,NA,NA,0.8358318008430874,0.7552615754660252,0.7548209366391184,0.7052767052767053
sorafenib_targets,BRAF,4153,ELR,NA,first_degree_neighbors,pan_cancer,NA,NA,NA,0.01,1,NA,NA,NA,NA,NA,0.8294418249271522,0.7480457005411906,0.7472375690607734,0.6962676962676962
sorafenib_targets,BRAF,4153,ELR,NA,first_degree_neighbors,pan_cancer,NA,NA,NA,0.1,0,NA,NA,NA,NA,NA,0.8406122988515765,0.7733012627781118,0.7777777777777778,0.7207207207207207
sorafenib_targets,BRAF,4153,ELR,NA,first_degree_neighbors,pan_cancer,NA,NA,NA,0.1,0.3,NA,NA,NA,NA,NA,0.805334518652803,0.7294046903187011,0.7224489795918367,0.6833976833976834
sorafenib_targets,BRAF,4153,ELR,NA,first_degree_neighbors,pan_cancer,NA,NA,NA,0.1,0.5,NA,NA,NA,NA,NA,0.7864768993437165,0.714371617558629,0.7057220708446866,0.6666666666666666
sorafenib_targets,BRAF,4153,ELR,NA,first_degree_neighbors,pan_cancer,NA,NA,NA,0.1,0.7,NA,NA,NA,NA,NA,0.7723111696023661,0.7083583884546001,0.7011019283746557,0.6550836550836551
sorafenib_targets,BRAF,4153,ELR,NA,first_degree_neighbors,pan_cancer,NA,NA,NA,0.1,1,NA,NA,NA,NA,NA,0.7581294612897321,0.6921226698737222,0.6812585499316005,0.640926640926641
sorafenib_targets,BRAF,,RF,NA,NA,pan_cancer,NA,NA,NA,NA,NA,False,NA,gini,0.4,1000,0.7118635081389032,0.7161755862898377,0.7181688125894135,0.646074646074646
sorafenib_targets,BRAF,,RF,NA,NA,pan_cancer,NA,NA,NA,NA,NA,False,NA,gini,0.3,1000,0.7110616743799588,0.7155742633794347,0.7190201729106628,0.6422136422136422
sorafenib_targets,BRAF,,RF,NA,NA,pan_cancer,NA,NA,NA,NA,NA,False,NA,gini,0.2,1000,0.7117843415811813,0.7161755862898377,0.7187948350071736,0.6447876447876448
sorafenib_targets,BRAF,,RF,NA,NA,pan_cancer,NA,NA,NA,NA,NA,False,NA,gini,0.1,1000,0.7199813486495202,0.7233914612146722,0.7198335644937587,0.667953667953668
sorafenib_targets,BRAF,,RF,NA,NA,pan_cancer,NA,NA,NA,NA,NA,False,NA,gini,sqrt,1000,0.7048031585277635,0.7059530968129886,0.6846153846153846,0.6872586872586872
sorafenib_targets,BRAF,,RF,NA,NA,pan_cancer,NA,NA,NA,NA,NA,False,NA,entropy,0.4,1000,0.7068738361063418,0.7113650030066145,0.7136690647482015,0.6383526383526383
sorafenib_targets,BRAF,,RF,NA,NA,pan_cancer,NA,NA,NA,NA,NA,False,NA,entropy,0.3,1000,0.7080816708356211,0.7125676488274203,0.7151079136690648,0.6396396396396397
sorafenib_targets,BRAF,,RF,NA,NA,pan_cancer,NA,NA,NA,NA,NA,False,NA,entropy,0.2,1000,0.7065470016937285,0.7107636800962117,0.7108262108262108,0.6422136422136422
sorafenib_targets,BRAF,,RF,NA,NA,pan_cancer,NA,NA,NA,NA,NA,False,NA,entropy,0.1,1000,0.7126551737161217,0.7161755862898377,0.7121001390820584,0.6589446589446589
sorafenib_targets,BRAF,,RF,NA,NA,pan_cancer,NA,NA,NA,NA,NA,False,NA,entropy,sqrt,1000,0.7075354942172096,0.7083583884546001,0.6852791878172588,0.694980694980695
sorafenib_targets,BRAF,,RF,NA,NA,pan_cancer,NA,NA,NA,NA,NA,False,NA,gini,0.4,1500,0.7109033412645152,0.7155742633794347,0.7202898550724638,0.6396396396396397
sorafenib_targets,BRAF,,RF,NA,NA,pan_cancer,NA,NA,NA,NA,NA,False,NA,gini,0.3,1500,0.7103390071787363,0.7149729404690318,0.7192474674384949,0.6396396396396397
sorafenib_targets,BRAF,,RF,NA,NA,pan_cancer,NA,NA,NA,NA,NA,False,NA,gini,0.2,1500,0.7109723396405112,0.7149729404690318,0.7142857142857143,0.6499356499356499
sorafenib_targets,BRAF,,RF,NA,NA,pan_cancer,NA,NA,NA,NA,NA,False,NA,gini,0.1,1500,0.7183675129499059,0.7215874924834637,0.7162534435261708,0.6692406692406693
sorafenib_targets,BRAF,,RF,NA,NA,pan_cancer,NA,NA,NA,NA,NA,False,NA,gini,sqrt,1500,0.7117233324908269,0.7125676488274203,0.6899618805590851,0.6988416988416989
sorafenib_targets,BRAF,,RF,NA,NA,pan_cancer,NA,NA,NA,NA,NA,False,NA,entropy,0.4,1500,0.7066363364331761,0.7113650030066145,0.7155297532656023,0.6344916344916345
sorafenib_targets,BRAF,,RF,NA,NA,pan_cancer,NA,NA,NA,NA,NA,False,NA,entropy,0.3,1500,0.7094580068620701,0.714371617558629,0.7207602339181286,0.6344916344916345
sorafenib_targets,BRAF,,RF,NA,NA,pan_cancer,NA,NA,NA,NA,NA,False,NA,entropy,0.2,1500,0.7093686721226224,0.7137702946482261,0.7159253945480631,0.6422136422136422
sorafenib_targets,BRAF,,RF,NA,NA,pan_cancer,NA,NA,NA,NA,NA,False,NA,entropy,0.1,1500,0.716357844461682,0.719783523752255,0.7156726768377254,0.6640926640926641
sorafenib_targets,BRAF,,RF,NA,NA,pan_cancer,NA,NA,NA,NA,NA,False,NA,entropy,sqrt,1500,0.7040703231448152,0.7047504509921828,0.6805555555555556,0.6936936936936937
sorafenib_targets,BRAF,,RF,NA,NA,pan_cancer,NA,NA,NA,NA,NA,False,NA,gini,0.4,2000,0.7049433341758398,0.7095610342754058,0.7124277456647399,0.6344916344916345
sorafenib_targets,BRAF,,RF,NA,NA,pan_cancer,NA,NA,NA,NA,NA,False,NA,gini,0.3,2000,0.7088043380368437,0.7131689717378232,0.7148997134670487,0.6422136422136422
sorafenib_targets,BRAF,,RF,NA,NA,pan_cancer,NA,NA,NA,NA,NA,False,NA,gini,0.2,2000,0.7094478386803442,0.7137702946482261,0.7153075822603719,0.6435006435006435
sorafenib_targets,BRAF,,RF,NA,NA,pan_cancer,NA,NA,NA,NA,NA,False,NA,gini,0.1,2000,0.7132195078019005,0.7167769092002405,0.713091922005571,0.6589446589446589
sorafenib_targets,BRAF,,RF,NA,NA,pan_cancer,NA,NA,NA,NA,NA,False,NA,gini,sqrt,2000,0.7064961607850998,0.7077570655441973,0.6872586872586872,0.6872586872586872
sorafenib_targets,BRAF,,RF,NA,NA,pan_cancer,NA,NA,NA,NA,NA,False,NA,entropy,0.4,2000,0.710349175360462,0.7155742633794347,0.7248520710059172,0.6306306306306306
sorafenib_targets,BRAF,,RF,NA,NA,pan_cancer,NA,NA,NA,NA,NA,False,NA,entropy,0.3,2000,0.7079233377201775,0.7125676488274203,0.7163531114327062,0.637065637065637
sorafenib_targets,BRAF,,RF,NA,NA,pan_cancer,NA,NA,NA,NA,NA,False,NA,entropy,0.2,2000,0.71049734029418,0.7149729404690318,0.7179856115107913,0.6422136422136422
sorafenib_targets,BRAF,,RF,NA,NA,pan_cancer,NA,NA,NA,NA,NA,False,NA,entropy,0.1,2000,0.7170013451051827,0.7203848466626579,0.7160664819944599,0.6653796653796654
sorafenib_targets,BRAF,,RF,NA,NA,pan_cancer,NA,NA,NA,NA,NA,False,NA,entropy,sqrt,2000,0.7064068260456522,0.7071557426337943,0.6835443037974683,0.694980694980695
sorafenib_targets,RAF1,4153,GCN,funcoup,NA,pan_cancer,1,32,4,1.0000000000000001e-07,NA,False,hierarchy,NA,NA,NA,0.5847895622161987,0.5321707757065545,0.0,0.0
sorafenib_targets,RAF1,4153,GCN,funcoup,NA,pan_cancer,1,32,4,1.0000000000000002e-06,NA,False,hierarchy,NA,NA,NA,0.7606134028255924,0.6921226698737222,0.6764314247669774,0.6537966537966537
sorafenib_targets,RAF1,4153,GCN,funcoup,NA,pan_cancer,1,32,4,1e-05,NA,False,hierarchy,NA,NA,NA,0.8118014822303761,0.7330126277811184,0.7315716272600834,0.676962676962677
sorafenib_targets,RAF1,4153,GCN,funcoup,NA,pan_cancer,1,32,8,1.0000000000000001e-07,NA,False,hierarchy,NA,NA,NA,0.5668035013407474,0.5321707757065545,0.42857142857142855,0.003861003861003861
sorafenib_targets,RAF1,4153,GCN,funcoup,NA,pan_cancer,1,32,8,1.0000000000000002e-06,NA,False,hierarchy,NA,NA,NA,0.7551821411866558,0.6933253156945279,0.677762982689747,0.6550836550836551
sorafenib_targets,RAF1,4153,GCN,funcoup,NA,pan_cancer,1,32,8,1e-05,NA,False,hierarchy,NA,NA,NA,0.8106975082144383,0.7318099819603127,0.7340876944837341,0.667953667953668
sorafenib_targets,RAF1,4153,GCN,funcoup,NA,pan_cancer,1,32,12,1.0000000000000001e-07,NA,False,hierarchy,NA,NA,NA,0.5606343202279996,0.5327720986169573,0.5,0.005148005148005148
sorafenib_targets,RAF1,4153,GCN,funcoup,NA,pan_cancer,1,32,12,1.0000000000000002e-06,NA,False,hierarchy,NA,NA,NA,0.752577634067476,0.6915213469633193,0.676,0.6525096525096525
sorafenib_targets,RAF1,4153,GCN,funcoup,NA,pan_cancer,1,32,12,1e-05,NA,False,hierarchy,NA,NA,NA,0.8102384874393904,0.7282020444978954,0.7304964539007093,0.6628056628056628
sorafenib_targets,RAF1,4153,GCN,funcoup,NA,pan_cancer,1,40,4,1.0000000000000001e-07,NA,False,hierarchy,NA,NA,NA,0.6310330001074922,0.533974744437763,0.75,0.003861003861003861
sorafenib_targets,RAF1,4153,GCN,funcoup,NA,pan_cancer,1,40,4,1.0000000000000002e-06,NA,False,hierarchy,NA,NA,NA,0.7795973981075561,0.7095610342754058,0.6870229007633588,0.694980694980695
sorafenib_targets,RAF1,4153,GCN,funcoup,NA,pan_cancer,1,40,4,1e-05,NA,False,hierarchy,NA,NA,NA,0.8110301530166091,0.7294046903187011,0.7273991655076495,0.6731016731016731
sorafenib_targets,RAF1,4153,GCN,funcoup,NA,pan_cancer,1,40,8,1.0000000000000001e-07,NA,False,hierarchy,NA,NA,NA,0.6076316561643875,0.5333734215273602,0.5454545454545454,0.007722007722007722
sorafenib_targets,RAF1,4153,GCN,funcoup,NA,pan_cancer,1,40,8,1.0000000000000002e-06,NA,False,hierarchy,NA,NA,NA,0.7682802118468033,0.7053517739025857,0.6823379923761118,0.6911196911196911
sorafenib_targets,RAF1,4153,GCN,funcoup,NA,pan_cancer,1,40,8,1e-05,NA,False,hierarchy,NA,NA,NA,0.8096313017306245,0.7312086590499098,0.7317415730337079,0.6705276705276705
sorafenib_targets,RAF1,4153,GCN,funcoup,NA,pan_cancer,1,40,12,1.0000000000000001e-07,NA,False,hierarchy,NA,NA,NA,0.5943658105057653,0.5327720986169573,0.5,0.011583011583011582
sorafenib_targets,RAF1,4153,GCN,funcoup,NA,pan_cancer,1,40,12,1.0000000000000002e-06,NA,False,hierarchy,NA,NA,NA,0.757850562590969,0.6939266386049309,0.675392670157068,0.6640926640926641
sorafenib_targets,RAF1,4153,GCN,funcoup,NA,pan_cancer,1,40,12,1e-05,NA,False,hierarchy,NA,NA,NA,0.8094410114726142,0.7300060132291041,0.731638418079096,0.6666666666666666
sorafenib_targets,RAF1,4153,GCN,funcoup,NA,pan_cancer,1,48,4,1.0000000000000001e-07,NA,False,hierarchy,NA,NA,NA,0.5702940928674562,0.5327720986169573,0.0,0.0
sorafenib_targets,RAF1,4153,GCN,funcoup,NA,pan_cancer,1,48,4,1.0000000000000002e-06,NA,False,hierarchy,NA,NA,NA,0.7712057429890388,0.7077570655441973,0.691699604743083,0.6756756756756757
sorafenib_targets,RAF1,4153,GCN,funcoup,NA,pan_cancer,1,48,4,1e-05,NA,False,hierarchy,NA,NA,NA,0.8135329783185314,0.7342152736019242,0.7349228611500701,0.6743886743886743
sorafenib_targets,RAF1,4153,GCN,funcoup,NA,pan_cancer,1,48,8,1.0000000000000001e-07,NA,False,hierarchy,NA,NA,NA,0.5489881206585495,0.5327720986169573,0.0,0.0
sorafenib_targets,RAF1,4153,GCN,funcoup,NA,pan_cancer,1,48,8,1.0000000000000002e-06,NA,False,hierarchy,NA,NA,NA,0.7686767709341072,0.7053517739025857,0.6885676741130092,0.6743886743886743
sorafenib_targets,RAF1,4153,GCN,funcoup,NA,pan_cancer,1,48,8,1e-05,NA,False,hierarchy,NA,NA,NA,0.8129214348175974,0.7348165965123271,0.74,0.6666666666666666
sorafenib_targets,RAF1,4153,GCN,funcoup,NA,pan_cancer,1,48,12,1.0000000000000001e-07,NA,False,hierarchy,NA,NA,NA,0.5326798097678459,0.5327720986169573,0.0,0.0
sorafenib_targets,RAF1,4153,GCN,funcoup,NA,pan_cancer,1,48,12,1.0000000000000002e-06,NA,False,hierarchy,NA,NA,NA,0.7679635456159157,0.7041491280817799,0.6862745098039216,0.6756756756756757
sorafenib_targets,RAF1,4153,GCN,funcoup,NA,pan_cancer,1,48,12,1e-05,NA,False,hierarchy,NA,NA,NA,0.8126744932614007,0.7330126277811184,0.7381974248927039,0.6640926640926641
sorafenib_targets,RAF1,4153,GCN,funcoup,NA,pan_cancer,2,32,4,1.0000000000000001e-07,NA,False,hierarchy,NA,NA,NA,0.4892696630845615,0.5327720986169573,0.0,0.0
sorafenib_targets,RAF1,4153,GCN,funcoup,NA,pan_cancer,2,32,4,1.0000000000000002e-06,NA,False,hierarchy,NA,NA,NA,0.6860893463602267,0.5327720986169573,0.0,0.0
sorafenib_targets,RAF1,4153,GCN,funcoup,NA,pan_cancer,2,32,4,1e-05,NA,False,hierarchy,NA,NA,NA,0.8049742745002338,0.7263980757666867,0.7254901960784313,0.6666666666666666
sorafenib_targets,RAF1,4153,GCN,funcoup,NA,pan_cancer,2,32,8,1.0000000000000001e-07,NA,False,hierarchy,NA,NA,NA,0.4774542359192472,0.5327720986169573,0.0,0.0
sorafenib_targets,RAF1,4153,GCN,funcoup,NA,pan_cancer,2,32,8,1.0000000000000002e-06,NA,False,hierarchy,NA,NA,NA,0.6682601660028296,0.5327720986169573,0.0,0.0
sorafenib_targets,RAF1,4153,GCN,funcoup,NA,pan_cancer,2,32,8,1e-05,NA,False,hierarchy,NA,NA,NA,0.8044803913878406,0.7276007215874924,0.7262569832402235,0.6692406692406693
sorafenib_targets,RAF1,4153,GCN,funcoup,NA,pan_cancer,2,32,12,1.0000000000000001e-07,NA,False,hierarchy,NA,NA,NA,0.47232075674513596,0.5327720986169573,0.0,0.0
sorafenib_targets,RAF1,4153,GCN,funcoup,NA,pan_cancer,2,32,12,1.0000000000000002e-06,NA,False,hierarchy,NA,NA,NA,0.6511834310931377,0.5327720986169573,0.0,0.0
sorafenib_targets,RAF1,4153,GCN,funcoup,NA,pan_cancer,2,32,12,1e-05,NA,False,hierarchy,NA,NA,NA,0.7996200005229352,0.7233914612146722,0.7186206896551725,0.6705276705276705
sorafenib_targets,RAF1,4153,GCN,funcoup,NA,pan_cancer,2,40,4,1.0000000000000001e-07,NA,False,hierarchy,NA,NA,NA,0.6254346897687755,0.5327720986169573,0.0,0.0
sorafenib_targets,RAF1,4153,GCN,funcoup,NA,pan_cancer,2,40,4,1.0000000000000002e-06,NA,False,hierarchy,NA,NA,NA,0.7075006318798643,0.5327720986169573,0.0,0.0
sorafenib_targets,RAF1,4153,GCN,funcoup,NA,pan_cancer,2,40,4,1e-05,NA,False,hierarchy,NA,NA,NA,0.8191734139815405,0.7402285027059531,0.7372764786795049,0.6898326898326899
sorafenib_targets,RAF1,4153,GCN,funcoup,NA,pan_cancer,2,40,8,1.0000000000000001e-07,NA,False,hierarchy,NA,NA,NA,0.6189524739186139,0.5327720986169573,0.0,0.0
sorafenib_targets,RAF1,4153,GCN,funcoup,NA,pan_cancer,2,40,8,1.0000000000000002e-06,NA,False,hierarchy,NA,NA,NA,0.7004555345413133,0.5327720986169573,0.0,0.0
sorafenib_targets,RAF1,4153,GCN,funcoup,NA,pan_cancer,2,40,8,1e-05,NA,False,hierarchy,NA,NA,NA,0.7882258266005444,0.7101623571858088,0.7023319615912208,0.6589446589446589
sorafenib_targets,RAF1,4153,GCN,funcoup,NA,pan_cancer,2,40,12,1.0000000000000001e-07,NA,False,hierarchy,NA,NA,NA,0.6133331009177511,0.5327720986169573,0.0,0.0
sorafenib_targets,RAF1,4153,GCN,funcoup,NA,pan_cancer,2,40,12,1.0000000000000002e-06,NA,False,hierarchy,NA,NA,NA,0.6942435018055786,0.5327720986169573,0.0,0.0
sorafenib_targets,RAF1,4153,GCN,funcoup,NA,pan_cancer,2,40,12,1e-05,NA,False,hierarchy,NA,NA,NA,0.7861282759702625,0.7077570655441973,0.6984993178717599,0.6589446589446589
sorafenib_targets,RAF1,4153,GCN,funcoup,NA,pan_cancer,2,48,4,1.0000000000000001e-07,NA,False,hierarchy,NA,NA,NA,0.5693012425518069,0.5327720986169573,0.0,0.0
sorafenib_targets,RAF1,4153,GCN,funcoup,NA,pan_cancer,2,48,4,1.0000000000000002e-06,NA,False,hierarchy,NA,NA,NA,0.6890214141907145,0.5327720986169573,0.0,0.0
sorafenib_targets,RAF1,4153,GCN,funcoup,NA,pan_cancer,2,48,4,1e-05,NA,False,hierarchy,NA,NA,NA,0.8052865829389532,0.7306073361395069,0.7294281729428173,0.6731016731016731
sorafenib_targets,RAF1,4153,GCN,funcoup,NA,pan_cancer,2,48,8,1.0000000000000001e-07,NA,False,hierarchy,NA,NA,NA,0.5482908739116413,0.5327720986169573,0.0,0.0
sorafenib_targets,RAF1,4153,GCN,funcoup,NA,pan_cancer,2,48,8,1.0000000000000002e-06,NA,False,hierarchy,NA,NA,NA,0.678620816882668,0.5327720986169573,0.0,0.0
sorafenib_targets,RAF1,4153,GCN,funcoup,NA,pan_cancer,2,48,8,1e-05,NA,False,hierarchy,NA,NA,NA,0.8038281751600036,0.7288033674082982,0.7295774647887324,0.6666666666666666
sorafenib_targets,RAF1,4153,GCN,funcoup,NA,pan_cancer,2,48,12,1.0000000000000001e-07,NA,False,hierarchy,NA,NA,NA,0.5379345808239714,0.5327720986169573,0.0,0.0
sorafenib_targets,RAF1,4153,GCN,funcoup,NA,pan_cancer,2,48,12,1.0000000000000002e-06,NA,False,hierarchy,NA,NA,NA,0.6710237325361479,0.5327720986169573,0.0,0.0
sorafenib_targets,RAF1,4153,GCN,funcoup,NA,pan_cancer,2,48,12,1e-05,NA,False,hierarchy,NA,NA,NA,0.757042918442467,0.6897173782321107,0.6872309899569584,0.6164736164736164
sorafenib_targets,RAF1,4153,GCN,funcoup,NA,pan_cancer,3,32,4,1.0000000000000001e-07,NA,False,hierarchy,NA,NA,NA,0.555977292997609,0.5327720986169573,0.0,0.0
sorafenib_targets,RAF1,4153,GCN,funcoup,NA,pan_cancer,3,32,4,1.0000000000000002e-06,NA,False,hierarchy,NA,NA,NA,0.6365201867459204,0.5327720986169573,0.0,0.0
sorafenib_targets,RAF1,4153,GCN,funcoup,NA,pan_cancer,3,32,4,1e-05,NA,False,hierarchy,NA,NA,NA,0.7981659505361537,0.7215874924834637,0.7144808743169399,0.6731016731016731
sorafenib_targets,RAF1,4153,GCN,funcoup,NA,pan_cancer,3,32,8,1.0000000000000001e-07,NA,False,hierarchy,NA,NA,NA,0.5508532557065289,0.5327720986169573,0.0,0.0
sorafenib_targets,RAF1,4153,GCN,funcoup,NA,pan_cancer,3,32,8,1.0000000000000002e-06,NA,False,hierarchy,NA,NA,NA,0.6180663895110847,0.5327720986169573,0.0,0.0
sorafenib_targets,RAF1,4153,GCN,funcoup,NA,pan_cancer,3,32,8,1e-05,NA,False,hierarchy,NA,NA,NA,0.7014258695974271,0.5327720986169573,0.0,0.0
sorafenib_targets,RAF1,4153,GCN,funcoup,NA,pan_cancer,3,32,12,1.0000000000000001e-07,NA,False,hierarchy,NA,NA,NA,0.5485806670908251,0.5327720986169573,0.0,0.0
sorafenib_targets,RAF1,4153,GCN,funcoup,NA,pan_cancer,3,32,12,1.0000000000000002e-06,NA,False,hierarchy,NA,NA,NA,0.6065008090967459,0.5327720986169573,0.0,0.0
sorafenib_targets,RAF1,4153,GCN,funcoup,NA,pan_cancer,3,32,12,1e-05,NA,False,hierarchy,NA,NA,NA,0.6924618911074893,0.5327720986169573,0.0,0.0
sorafenib_targets,RAF1,4153,GCN,funcoup,NA,pan_cancer,3,40,4,1.0000000000000001e-07,NA,False,hierarchy,NA,NA,NA,0.5792297457083011,0.5327720986169573,0.0,0.0
sorafenib_targets,RAF1,4153,GCN,funcoup,NA,pan_cancer,3,40,4,1.0000000000000002e-06,NA,False,hierarchy,NA,NA,NA,0.6539172193799734,0.5327720986169573,0.0,0.0
sorafenib_targets,RAF1,4153,GCN,funcoup,NA,pan_cancer,3,40,4,1e-05,NA,False,hierarchy,NA,NA,NA,0.8035841387985856,0.7282020444978954,0.7229080932784636,0.6782496782496783
sorafenib_targets,RAF1,4153,GCN,funcoup,NA,pan_cancer,3,40,8,1.0000000000000001e-07,NA,False,hierarchy,NA,NA,NA,0.5757805532071897,0.5327720986169573,0.0,0.0
sorafenib_targets,RAF1,4153,GCN,funcoup,NA,pan_cancer,3,40,8,1.0000000000000002e-06,NA,False,hierarchy,NA,NA,NA,0.634074739040879,0.5327720986169573,0.0,0.0
sorafenib_targets,RAF1,4153,GCN,funcoup,NA,pan_cancer,3,40,8,1e-05,NA,False,hierarchy,NA,NA,NA,0.6913571907928567,0.5327720986169573,0.0,0.0
sorafenib_targets,RAF1,4153,GCN,funcoup,NA,pan_cancer,3,40,12,1.0000000000000001e-07,NA,False,hierarchy,NA,NA,NA,0.5649049565528121,0.4678292242934456,0.4675090252707581,1.0
sorafenib_targets,RAF1,4153,GCN,funcoup,NA,pan_cancer,3,40,12,1.0000000000000002e-06,NA,False,hierarchy,NA,NA,NA,0.6224728436918053,0.5327720986169573,0.0,0.0
sorafenib_targets,RAF1,4153,GCN,funcoup,NA,pan_cancer,3,40,12,1e-05,NA,False,hierarchy,NA,NA,NA,0.6899074985982436,0.5327720986169573,0.0,0.0
sorafenib_targets,RAF1,4153,GCN,funcoup,NA,pan_cancer,3,48,4,1.0000000000000001e-07,NA,False,hierarchy,NA,NA,NA,0.4418953781256264,0.5327720986169573,0.0,0.0
sorafenib_targets,RAF1,4153,GCN,funcoup,NA,pan_cancer,3,48,4,1.0000000000000002e-06,NA,False,hierarchy,NA,NA,NA,0.6452466655626926,0.5327720986169573,0.0,0.0
sorafenib_targets,RAF1,4153,GCN,funcoup,NA,pan_cancer,3,48,4,1e-05,NA,False,hierarchy,NA,NA,NA,0.8187071302195457,0.7366205652435358,0.7318741450068399,0.6885456885456885
sorafenib_targets,RAF1,4153,GCN,funcoup,NA,pan_cancer,3,48,8,1.0000000000000001e-07,NA,False,hierarchy,NA,NA,NA,0.43487206974791626,0.5327720986169573,0.0,0.0
sorafenib_targets,RAF1,4153,GCN,funcoup,NA,pan_cancer,3,48,8,1.0000000000000002e-06,NA,False,hierarchy,NA,NA,NA,0.5962585449041431,0.5327720986169573,0.0,0.0
sorafenib_targets,RAF1,4153,GCN,funcoup,NA,pan_cancer,3,48,8,1e-05,NA,False,hierarchy,NA,NA,NA,0.7043405062592422,0.5375826819001804,1.0,0.010296010296010296
sorafenib_targets,RAF1,4153,GCN,funcoup,NA,pan_cancer,3,48,12,1.0000000000000001e-07,NA,False,hierarchy,NA,NA,NA,0.4319697801639111,0.5327720986169573,0.0,0.0
sorafenib_targets,RAF1,4153,GCN,funcoup,NA,pan_cancer,3,48,12,1.0000000000000002e-06,NA,False,hierarchy,NA,NA,NA,0.5641619529881381,0.5327720986169573,0.0,0.0
sorafenib_targets,RAF1,4153,GCN,funcoup,NA,pan_cancer,3,48,12,1e-05,NA,False,hierarchy,NA,NA,NA,0.7003850835679278,0.5327720986169573,0.0,0.0
sorafenib_targets,RAF1,4153,GCN,humannetv2,NA,pan_cancer,1,32,4,1.0000000000000001e-07,NA,False,hierarchy,NA,NA,NA,0.5743373977008288,0.5327720986169573,0.5,0.001287001287001287
sorafenib_targets,RAF1,4153,GCN,humannetv2,NA,pan_cancer,1,32,4,1.0000000000000002e-06,NA,False,hierarchy,NA,NA,NA,0.7883899701055458,0.7179795550210463,0.712707182320442,0.6640926640926641
sorafenib_targets,RAF1,4153,GCN,humannetv2,NA,pan_cancer,1,32,4,1e-05,NA,False,hierarchy,NA,NA,NA,0.8157830516746996,0.7288033674082982,0.7335243553008596,0.6589446589446589
sorafenib_targets,RAF1,4153,GCN,humannetv2,NA,pan_cancer,1,32,8,1.0000000000000001e-07,NA,False,hierarchy,NA,NA,NA,0.5569447228589441,0.5321707757065545,0.3333333333333333,0.001287001287001287
sorafenib_targets,RAF1,4153,GCN,humannetv2,NA,pan_cancer,1,32,8,1.0000000000000002e-06,NA,False,hierarchy,NA,NA,NA,0.775201838407256,0.708959711365003,0.7101865136298422,0.637065637065637
sorafenib_targets,RAF1,4153,GCN,humannetv2,NA,pan_cancer,1,32,8,1e-05,NA,False,hierarchy,NA,NA,NA,0.8116663906731628,0.7257967528562839,0.7283072546230441,0.6589446589446589
sorafenib_targets,RAF1,4153,GCN,humannetv2,NA,pan_cancer,1,32,12,1.0000000000000001e-07,NA,False,hierarchy,NA,NA,NA,0.5476510047616143,0.5309681298857486,0.2,0.001287001287001287
sorafenib_targets,RAF1,4153,GCN,humannetv2,NA,pan_cancer,1,32,12,1.0000000000000002e-06,NA,False,hierarchy,NA,NA,NA,0.7675597235416648,0.7011425135297655,0.7089552238805971,0.6113256113256114
sorafenib_targets,RAF1,4153,GCN,humannetv2,NA,pan_cancer,1,32,12,1e-05,NA,False,hierarchy,NA,NA,NA,0.8097039316000941,0.7233914612146722,0.7241867043847242,0.6589446589446589
sorafenib_targets,RAF1,4153,GCN,humannetv2,NA,pan_cancer,1,40,4,1.0000000000000001e-07,NA,False,hierarchy,NA,NA,NA,0.6045303607380357,0.5327720986169573,0.0,0.0
sorafenib_targets,RAF1,4153,GCN,humannetv2,NA,pan_cancer,1,40,4,1.0000000000000002e-06,NA,False,hierarchy,NA,NA,NA,0.7840989974172818,0.7125676488274203,0.7056396148555708,0.6602316602316602
sorafenib_targets,RAF1,4153,GCN,humannetv2,NA,pan_cancer,1,40,4,1e-05,NA,False,hierarchy,NA,NA,NA,0.821047264613856,0.7336139506915214,0.7406340057636888,0.6615186615186616
sorafenib_targets,RAF1,4153,GCN,humannetv2,NA,pan_cancer,1,40,8,1.0000000000000001e-07,NA,False,hierarchy,NA,NA,NA,0.573515227578433,0.5327720986169573,0.0,0.0
sorafenib_targets,RAF1,4153,GCN,humannetv2,NA,pan_cancer,1,40,8,1.0000000000000002e-06,NA,False,hierarchy,NA,NA,NA,0.7756071130788964,0.7041491280817799,0.7027027027027027,0.6357786357786358
sorafenib_targets,RAF1,4153,GCN,humannetv2,NA,pan_cancer,1,40,8,1e-05,NA,False,hierarchy,NA,NA,NA,0.8119365737875897,0.724594107035478,0.7314949201741655,0.6486486486486487
sorafenib_targets,RAF1,4153,GCN,humannetv2,NA,pan_cancer,1,40,12,1.0000000000000001e-07,NA,False,hierarchy,NA,NA,NA,0.5634450961764732,0.5327720986169573,0.0,0.0
sorafenib_targets,RAF1,4153,GCN,humannetv2,NA,pan_cancer,1,40,12,1.0000000000000002e-06,NA,False,hierarchy,NA,NA,NA,0.7740484760800789,0.703547805171377,0.7052023121387283,0.6280566280566281
sorafenib_targets,RAF1,4153,GCN,humannetv2,NA,pan_cancer,1,40,12,1e-05,NA,False,hierarchy,NA,NA,NA,0.8120222770335637,0.7215874924834637,0.7255747126436781,0.6499356499356499
sorafenib_targets,RAF1,4153,GCN,humannetv2,NA,pan_cancer,1,48,4,1.0000000000000001e-07,NA,False,hierarchy,NA,NA,NA,0.5902869170363527,0.5327720986169573,0.0,0.0
sorafenib_targets,RAF1,4153,GCN,humannetv2,NA,pan_cancer,1,48,4,1.0000000000000002e-06,NA,False,hierarchy,NA,NA,NA,0.7987222953362908,0.7227901383042694,0.7188365650969529,0.667953667953668
sorafenib_targets,RAF1,4153,GCN,humannetv2,NA,pan_cancer,1,48,4,1e-05,NA,False,hierarchy,NA,NA,NA,0.8215556737001433,0.7396271797955503,0.7436260623229461,0.6756756756756757
sorafenib_targets,RAF1,4153,GCN,humannetv2,NA,pan_cancer,1,48,8,1.0000000000000001e-07,NA,False,hierarchy,NA,NA,NA,0.5671397776363916,0.5327720986169573,0.0,0.0
sorafenib_targets,RAF1,4153,GCN,humannetv2,NA,pan_cancer,1,48,8,1.0000000000000002e-06,NA,False,hierarchy,NA,NA,NA,0.7885831655583349,0.7137702946482261,0.7099023709902371,0.6550836550836551
sorafenib_targets,RAF1,4153,GCN,humannetv2,NA,pan_cancer,1,48,8,1e-05,NA,False,hierarchy,NA,NA,NA,0.8122372614471938,0.7263980757666867,0.73,0.6576576576576577
sorafenib_targets,RAF1,4153,GCN,humannetv2,NA,pan_cancer,1,48,12,1.0000000000000001e-07,NA,False,hierarchy,NA,NA,NA,0.5578351650586414,0.5327720986169573,0.0,0.0
sorafenib_targets,RAF1,4153,GCN,humannetv2,NA,pan_cancer,1,48,12,1.0000000000000002e-06,NA,False,hierarchy,NA,NA,NA,0.7706799027340787,0.7047504509921828,0.716012084592145,0.61003861003861
sorafenib_targets,RAF1,4153,GCN,humannetv2,NA,pan_cancer,1,48,12,1e-05,NA,False,hierarchy,NA,NA,NA,0.8117244945687383,0.724594107035478,0.7268847795163584,0.6576576576576577
sorafenib_targets,RAF1,4153,GCN,humannetv2,NA,pan_cancer,2,32,4,1.0000000000000001e-07,NA,False,hierarchy,NA,NA,NA,0.500270183114427,0.5327720986169573,0.0,0.0
sorafenib_targets,RAF1,4153,GCN,humannetv2,NA,pan_cancer,2,32,4,1.0000000000000002e-06,NA,False,hierarchy,NA,NA,NA,0.7067089663026457,0.5327720986169573,0.0,0.0
sorafenib_targets,RAF1,4153,GCN,humannetv2,NA,pan_cancer,2,32,4,1e-05,NA,False,hierarchy,NA,NA,NA,0.8127079030013566,0.7318099819603127,0.7360912981455064,0.6640926640926641
sorafenib_targets,RAF1,4153,GCN,humannetv2,NA,pan_cancer,2,32,8,1.0000000000000001e-07,NA,False,hierarchy,NA,NA,NA,0.48894137607455895,0.5327720986169573,0.0,0.0
sorafenib_targets,RAF1,4153,GCN,humannetv2,NA,pan_cancer,2,32,8,1.0000000000000002e-06,NA,False,hierarchy,NA,NA,NA,0.6713905133769694,0.5327720986169573,0.0,0.0
sorafenib_targets,RAF1,4153,GCN,humannetv2,NA,pan_cancer,2,32,8,1e-05,NA,False,hierarchy,NA,NA,NA,0.808273123171543,0.7239927841250752,0.7252124645892352,0.6589446589446589
sorafenib_targets,RAF1,4153,GCN,humannetv2,NA,pan_cancer,2,32,12,1.0000000000000001e-07,NA,False,hierarchy,NA,NA,NA,0.4841064056639678,0.5327720986169573,0.0,0.0
sorafenib_targets,RAF1,4153,GCN,humannetv2,NA,pan_cancer,2,32,12,1.0000000000000002e-06,NA,False,hierarchy,NA,NA,NA,0.6431251470754857,0.5327720986169573,0.0,0.0
sorafenib_targets,RAF1,4153,GCN,humannetv2,NA,pan_cancer,2,32,12,1e-05,NA,False,hierarchy,NA,NA,NA,0.8086275569345547,0.7276007215874924,0.7275280898876404,0.6666666666666666
sorafenib_targets,RAF1,4153,GCN,humannetv2,NA,pan_cancer,2,40,4,1.0000000000000001e-07,NA,False,hierarchy,NA,NA,NA,0.5860903631783992,0.5327720986169573,0.0,0.0
sorafenib_targets,RAF1,4153,GCN,humannetv2,NA,pan_cancer,2,40,4,1.0000000000000002e-06,NA,False,hierarchy,NA,NA,NA,0.7304342394635848,0.5327720986169573,0.0,0.0
sorafenib_targets,RAF1,4153,GCN,humannetv2,NA,pan_cancer,2,40,4,1e-05,NA,False,hierarchy,NA,NA,NA,0.8188756315167152,0.7366205652435358,0.7424892703862661,0.667953667953668
sorafenib_targets,RAF1,4153,GCN,humannetv2,NA,pan_cancer,2,40,8,1.0000000000000001e-07,NA,False,hierarchy,NA,NA,NA,0.5680708925629918,0.5327720986169573,0.0,0.0
sorafenib_targets,RAF1,4153,GCN,humannetv2,NA,pan_cancer,2,40,8,1.0000000000000002e-06,NA,False,hierarchy,NA,NA,NA,0.7202065012448761,0.5327720986169573,0.0,0.0
sorafenib_targets,RAF1,4153,GCN,humannetv2,NA,pan_cancer,2,40,8,1e-05,NA,False,hierarchy,NA,NA,NA,0.8100452919866012,0.724594107035478,0.7230769230769231,0.6653796653796654
sorafenib_targets,RAF1,4153,GCN,humannetv2,NA,pan_cancer,2,40,12,1.0000000000000001e-07,NA,False,hierarchy,NA,NA,NA,0.5619452893719259,0.5327720986169573,0.0,0.0
sorafenib_targets,RAF1,4153,GCN,humannetv2,NA,pan_cancer,2,40,12,1.0000000000000002e-06,NA,False,hierarchy,NA,NA,NA,0.7098487555598165,0.5327720986169573,0.0,0.0
sorafenib_targets,RAF1,4153,GCN,humannetv2,NA,pan_cancer,2,40,12,1e-05,NA,False,hierarchy,NA,NA,NA,0.8134211283195483,0.7263980757666867,0.724233983286908,0.6692406692406693
sorafenib_targets,RAF1,4153,GCN,humannetv2,NA,pan_cancer,2,48,4,1.0000000000000001e-07,NA,False,hierarchy,NA,NA,NA,0.6140368843529115,0.5327720986169573,0.0,0.0
sorafenib_targets,RAF1,4153,GCN,humannetv2,NA,pan_cancer,2,48,4,1.0000000000000002e-06,NA,False,hierarchy,NA,NA,NA,0.6981531676791269,0.5327720986169573,0.0,0.0
sorafenib_targets,RAF1,4153,GCN,humannetv2,NA,pan_cancer,2,48,4,1e-05,NA,False,hierarchy,NA,NA,NA,0.8168013224446634,0.73541791942273,0.7410586552217453,0.6666666666666666
sorafenib_targets,RAF1,4153,GCN,humannetv2,NA,pan_cancer,2,48,8,1.0000000000000001e-07,NA,False,hierarchy,NA,NA,NA,0.6042086104162854,0.5327720986169573,0.0,0.0
sorafenib_targets,RAF1,4153,GCN,humannetv2,NA,pan_cancer,2,48,8,1.0000000000000002e-06,NA,False,hierarchy,NA,NA,NA,0.688109909328871,0.5327720986169573,0.0,0.0
sorafenib_targets,RAF1,4153,GCN,humannetv2,NA,pan_cancer,2,48,8,1e-05,NA,False,hierarchy,NA,NA,NA,0.815643602325318,0.7360192423331329,0.7400568181818182,0.6705276705276705
sorafenib_targets,RAF1,4153,GCN,humannetv2,NA,pan_cancer,2,48,12,1.0000000000000001e-07,NA,False,hierarchy,NA,NA,NA,0.5997629361060512,0.5327720986169573,0.0,0.0
sorafenib_targets,RAF1,4153,GCN,humannetv2,NA,pan_cancer,2,48,12,1.0000000000000002e-06,NA,False,hierarchy,NA,NA,NA,0.68106481199032,0.5327720986169573,0.0,0.0
sorafenib_targets,RAF1,4153,GCN,humannetv2,NA,pan_cancer,2,48,12,1e-05,NA,False,hierarchy,NA,NA,NA,0.8091374186182312,0.7294046903187011,0.7255172413793104,0.676962676962677
sorafenib_targets,RAF1,4153,GCN,humannetv2,NA,pan_cancer,3,32,4,1.0000000000000001e-07,NA,False,hierarchy,NA,NA,NA,0.5131699742309223,0.5327720986169573,0.0,0.0
sorafenib_targets,RAF1,4153,GCN,humannetv2,NA,pan_cancer,3,32,4,1.0000000000000002e-06,NA,False,hierarchy,NA,NA,NA,0.6272155741681701,0.5327720986169573,0.0,0.0
sorafenib_targets,RAF1,4153,GCN,humannetv2,NA,pan_cancer,3,32,4,1e-05,NA,False,hierarchy,NA,NA,NA,0.7309927631598061,0.5327720986169573,0.0,0.0
sorafenib_targets,RAF1,4153,GCN,humannetv2,NA,pan_cancer,3,32,8,1.0000000000000001e-07,NA,False,hierarchy,NA,NA,NA,0.507828773630128,0.5327720986169573,0.0,0.0
sorafenib_targets,RAF1,4153,GCN,humannetv2,NA,pan_cancer,3,32,8,1.0000000000000002e-06,NA,False,hierarchy,NA,NA,NA,0.5936874475249193,0.5327720986169573,0.0,0.0
sorafenib_targets,RAF1,4153,GCN,humannetv2,NA,pan_cancer,3,32,8,1e-05,NA,False,hierarchy,NA,NA,NA,0.7129718399470093,0.5327720986169573,0.0,0.0
sorafenib_targets,RAF1,4153,GCN,humannetv2,NA,pan_cancer,3,32,12,1.0000000000000001e-07,NA,False,hierarchy,NA,NA,NA,0.5054479665089145,0.5327720986169573,0.0,0.0
sorafenib_targets,RAF1,4153,GCN,humannetv2,NA,pan_cancer,3,32,12,1.0000000000000002e-06,NA,False,hierarchy,NA,NA,NA,0.5759178236604874,0.5327720986169573,0.0,0.0
sorafenib_targets,RAF1,4153,GCN,humannetv2,NA,pan_cancer,3,32,12,1e-05,NA,False,hierarchy,NA,NA,NA,0.7087324344660688,0.5327720986169573,0.0,0.0
sorafenib_targets,RAF1,4153,GCN,humannetv2,NA,pan_cancer,3,40,4,1.0000000000000001e-07,NA,False,hierarchy,NA,NA,NA,0.5108153138627178,0.5327720986169573,0.0,0.0
sorafenib_targets,RAF1,4153,GCN,humannetv2,NA,pan_cancer,3,40,4,1.0000000000000002e-06,NA,False,hierarchy,NA,NA,NA,0.6721110016821079,0.5327720986169573,0.0,0.0
sorafenib_targets,RAF1,4153,GCN,humannetv2,NA,pan_cancer,3,40,4,1e-05,NA,False,hierarchy,NA,NA,NA,0.81817112178286,0.7330126277811184,0.7335203366058906,0.6731016731016731
sorafenib_targets,RAF1,4153,GCN,humannetv2,NA,pan_cancer,3,40,8,1.0000000000000001e-07,NA,False,hierarchy,NA,NA,NA,0.5025376876392679,0.5327720986169573,0.0,0.0
sorafenib_targets,RAF1,4153,GCN,humannetv2,NA,pan_cancer,3,40,8,1.0000000000000002e-06,NA,False,hierarchy,NA,NA,NA,0.6345163286472542,0.5327720986169573,0.0,0.0
sorafenib_targets,RAF1,4153,GCN,humannetv2,NA,pan_cancer,3,40,8,1e-05,NA,False,hierarchy,NA,NA,NA,0.75802705317378,0.5327720986169573,0.0,0.0
sorafenib_targets,RAF1,4153,GCN,humannetv2,NA,pan_cancer,3,40,12,1.0000000000000001e-07,NA,False,hierarchy,NA,NA,NA,0.49908631624207245,0.5327720986169573,0.0,0.0
sorafenib_targets,RAF1,4153,GCN,humannetv2,NA,pan_cancer,3,40,12,1.0000000000000002e-06,NA,False,hierarchy,NA,NA,NA,0.611689486971654,0.5327720986169573,0.0,0.0
sorafenib_targets,RAF1,4153,GCN,humannetv2,NA,pan_cancer,3,40,12,1e-05,NA,False,hierarchy,NA,NA,NA,0.7562556106574165,0.5327720986169573,0.0,0.0
sorafenib_targets,RAF1,4153,GCN,humannetv2,NA,pan_cancer,3,48,4,1.0000000000000001e-07,NA,False,hierarchy,NA,NA,NA,0.5473641167772093,0.5327720986169573,0.0,0.0
sorafenib_targets,RAF1,4153,GCN,humannetv2,NA,pan_cancer,3,48,4,1.0000000000000002e-06,NA,False,hierarchy,NA,NA,NA,0.6513846158315684,0.5327720986169573,0.0,0.0
sorafenib_targets,RAF1,4153,GCN,humannetv2,NA,pan_cancer,3,48,4,1e-05,NA,False,hierarchy,NA,NA,NA,0.8130579789722003,0.7269993986770896,0.726507713884993,0.6666666666666666
sorafenib_targets,RAF1,4153,GCN,humannetv2,NA,pan_cancer,3,48,8,1.0000000000000001e-07,NA,False,hierarchy,NA,NA,NA,0.5437173710311407,0.5327720986169573,0.0,0.0
sorafenib_targets,RAF1,4153,GCN,humannetv2,NA,pan_cancer,3,48,8,1.0000000000000002e-06,NA,False,hierarchy,NA,NA,NA,0.6266969969001572,0.5327720986169573,0.0,0.0
sorafenib_targets,RAF1,4153,GCN,humannetv2,NA,pan_cancer,3,48,8,1e-05,NA,False,hierarchy,NA,NA,NA,0.729261267071651,0.5327720986169573,0.0,0.0
sorafenib_targets,RAF1,4153,GCN,humannetv2,NA,pan_cancer,3,48,12,1.0000000000000001e-07,NA,False,hierarchy,NA,NA,NA,0.5405405405405406,0.5327720986169573,0.0,0.0
sorafenib_targets,RAF1,4153,GCN,humannetv2,NA,pan_cancer,3,48,12,1.0000000000000002e-06,NA,False,hierarchy,NA,NA,NA,0.6129764882586554,0.5327720986169573,0.0,0.0
sorafenib_targets,RAF1,4153,GCN,humannetv2,NA,pan_cancer,3,48,12,1e-05,NA,False,hierarchy,NA,NA,NA,0.7257888330123093,0.5327720986169573,0.0,0.0
sorafenib_targets,RAF1,4153,ELR,NA,first_degree_neighbors,pan_cancer,NA,NA,NA,1e-05,0,NA,NA,NA,NA,NA,0.812052781578741,0.7438364401683704,0.7407407407407407,0.694980694980695
sorafenib_targets,RAF1,4153,ELR,NA,first_degree_neighbors,pan_cancer,NA,NA,NA,1e-05,0.3,NA,NA,NA,NA,NA,0.8120890965134757,0.7438364401683704,0.7407407407407407,0.694980694980695
sorafenib_targets,RAF1,4153,ELR,NA,first_degree_neighbors,pan_cancer,NA,NA,NA,1e-05,0.5,NA,NA,NA,NA,NA,0.8121297692403787,0.7438364401683704,0.7407407407407407,0.694980694980695
sorafenib_targets,RAF1,4153,ELR,NA,first_degree_neighbors,pan_cancer,NA,NA,NA,1e-05,0.7,NA,NA,NA,NA,NA,0.8121428426168833,0.7438364401683704,0.7407407407407407,0.694980694980695
sorafenib_targets,RAF1,4153,ELR,NA,first_degree_neighbors,pan_cancer,NA,NA,NA,1e-05,1,NA,NA,NA,NA,NA,0.8122023991098484,0.7438364401683704,0.7407407407407407,0.694980694980695
sorafenib_targets,RAF1,4153,ELR,NA,first_degree_neighbors,pan_cancer,NA,NA,NA,0.0001,0,NA,NA,NA,NA,NA,0.8121065276821484,0.7438364401683704,0.7407407407407407,0.694980694980695
sorafenib_targets,RAF1,4153,ELR,NA,first_degree_neighbors,pan_cancer,NA,NA,NA,0.0001,0.3,NA,NA,NA,NA,NA,0.81250889715901,0.7444377630787733,0.7424242424242424,0.6936936936936937
sorafenib_targets,RAF1,4153,ELR,NA,first_degree_neighbors,pan_cancer,NA,NA,NA,0.0001,0.5,NA,NA,NA,NA,NA,0.8128255633898975,0.746241731809982,0.7441540577716643,0.6962676962676962
sorafenib_targets,RAF1,4153,ELR,NA,first_degree_neighbors,pan_cancer,NA,NA,NA,0.0001,0.7,NA,NA,NA,NA,NA,0.813053621180032,0.746241731809982,0.7434842249657064,0.6975546975546976
sorafenib_targets,RAF1,4153,ELR,NA,first_degree_neighbors,pan_cancer,NA,NA,NA,0.0001,1,NA,NA,NA,NA,NA,0.8134559906568937,0.7468430547203848,0.7451790633608816,0.6962676962676962
sorafenib_targets,RAF1,4153,ELR,NA,first_degree_neighbors,pan_cancer,NA,NA,NA,0.001,0,NA,NA,NA,NA,NA,0.8124871081981693,0.7450390859891762,0.7407912687585266,0.6988416988416989
sorafenib_targets,RAF1,4153,ELR,NA,first_degree_neighbors,pan_cancer,NA,NA,NA,0.001,0.3,NA,NA,NA,NA,NA,0.8164977295902804,0.746241731809982,0.7455048409405256,0.6936936936936937
sorafenib_targets,RAF1,4153,ELR,NA,first_degree_neighbors,pan_cancer,NA,NA,NA,0.001,0.5,NA,NA,NA,NA,NA,0.8182452042497189,0.7468430547203848,0.7438356164383562,0.6988416988416989
sorafenib_targets,RAF1,4153,ELR,NA,first_degree_neighbors,pan_cancer,NA,NA,NA,0.001,0.7,NA,NA,NA,NA,NA,0.8202309048810177,0.7468430547203848,0.7425068119891008,0.7014157014157014
sorafenib_targets,RAF1,4153,ELR,NA,first_degree_neighbors,pan_cancer,NA,NA,NA,0.001,1,NA,NA,NA,NA,NA,0.8231796775814835,0.7486470234515935,0.7428958051420839,0.7065637065637066
sorafenib_targets,RAF1,4153,ELR,NA,first_degree_neighbors,pan_cancer,NA,NA,NA,0.01,0,NA,NA,NA,NA,NA,0.8147822120734085,0.7468430547203848,0.7445054945054945,0.6975546975546976
sorafenib_targets,RAF1,4153,ELR,NA,first_degree_neighbors,pan_cancer,NA,NA,NA,0.01,0.3,NA,NA,NA,NA,NA,0.828840449607944,0.7522549609140108,0.7410832232496698,0.722007722007722
sorafenib_targets,RAF1,4153,ELR,NA,first_degree_neighbors,pan_cancer,NA,NA,NA,0.01,0.5,NA,NA,NA,NA,NA,0.8279587229925831,0.7426337943475646,0.7311258278145696,0.7104247104247104
sorafenib_targets,RAF1,4153,ELR,NA,first_degree_neighbors,pan_cancer,NA,NA,NA,0.01,0.7,NA,NA,NA,NA,NA,0.8267080366403167,0.7366205652435358,0.7245033112582782,0.703989703989704
sorafenib_targets,RAF1,4153,ELR,NA,first_degree_neighbors,pan_cancer,NA,NA,NA,0.01,1,NA,NA,NA,NA,NA,0.8247891554889297,0.7450390859891762,0.7343957503320053,0.7117117117117117
sorafenib_targets,RAF1,4153,ELR,NA,first_degree_neighbors,pan_cancer,NA,NA,NA,0.1,0,NA,NA,NA,NA,NA,0.824282199000032,0.751052315093205,0.7449392712550608,0.7104247104247104
sorafenib_targets,RAF1,4153,ELR,NA,first_degree_neighbors,pan_cancer,NA,NA,NA,0.1,0.3,NA,NA,NA,NA,NA,0.8119322159954214,0.7330126277811184,0.7205298013245033,0.7001287001287001
sorafenib_targets,RAF1,4153,ELR,NA,first_degree_neighbors,pan_cancer,NA,NA,NA,0.1,0.5,NA,NA,NA,NA,NA,0.8015258082978173,0.7288033674082982,0.7144736842105263,0.6988416988416989
sorafenib_targets,RAF1,4153,ELR,NA,first_degree_neighbors,pan_cancer,NA,NA,NA,0.1,0.7,NA,NA,NA,NA,NA,0.7844781253359132,0.7167769092002405,0.706199460916442,0.6743886743886743
sorafenib_targets,RAF1,4153,ELR,NA,first_degree_neighbors,pan_cancer,NA,NA,NA,0.1,1,NA,NA,NA,NA,NA,0.7550499548242212,0.6843054720384847,0.6779661016949152,0.6177606177606177
sorafenib_targets,RAF1,,RF,NA,NA,pan_cancer,NA,NA,NA,NA,NA,False,NA,gini,0.4,1000,0.7212683499365216,0.724594107035478,0.7206085753803596,0.6705276705276705
sorafenib_targets,RAF1,,RF,NA,NA,pan_cancer,NA,NA,NA,NA,NA,False,NA,gini,0.3,1000,0.7245650197117466,0.7276007215874924,0.7219178082191781,0.6782496782496783
sorafenib_targets,RAF1,,RF,NA,NA,pan_cancer,NA,NA,NA,NA,NA,False,NA,gini,0.2,1000,0.7238321843287984,0.7263980757666867,0.7169811320754716,0.6846846846846847
sorafenib_targets,RAF1,,RF,NA,NA,pan_cancer,NA,NA,NA,NA,NA,False,NA,gini,0.1,1000,0.7280991891601373,0.7306073361395069,0.721399730820996,0.6898326898326899
sorafenib_targets,RAF1,,RF,NA,NA,pan_cancer,NA,NA,NA,NA,NA,False,NA,gini,sqrt,1000,0.7234850135527336,0.724594107035478,0.7047496790757382,0.7065637065637066
sorafenib_targets,RAF1,,RF,NA,NA,pan_cancer,NA,NA,NA,NA,NA,False,NA,entropy,0.4,1000,0.7237631859528021,0.7269993986770896,0.7227586206896551,0.6743886743886743
sorafenib_targets,RAF1,,RF,NA,NA,pan_cancer,NA,NA,NA,NA,NA,False,NA,entropy,0.3,1000,0.7271390222857491,0.7300060132291041,0.723433242506812,0.6833976833976834
sorafenib_targets,RAF1,,RF,NA,NA,pan_cancer,NA,NA,NA,NA,NA,False,NA,entropy,0.2,1000,0.7228720174544102,0.7257967528562839,0.7189631650750341,0.6782496782496783
sorafenib_targets,RAF1,,RF,NA,NA,pan_cancer,NA,NA,NA,NA,NA,False,NA,entropy,0.1,1000,0.726327020345079,0.7288033674082982,0.7190860215053764,0.6885456885456885
sorafenib_targets,RAF1,,RF,NA,NA,pan_cancer,NA,NA,NA,NA,NA,False,NA,entropy,sqrt,1000,0.7238220161470725,0.7257967528562839,0.7120211360634082,0.6936936936936937
sorafenib_targets,RAF1,,RF,NA,NA,pan_cancer,NA,NA,NA,NA,NA,False,NA,gini,0.4,1500,0.7241691869231373,0.7276007215874924,0.725,0.6718146718146718
sorafenib_targets,RAF1,,RF,NA,NA,pan_cancer,NA,NA,NA,NA,NA,False,NA,gini,0.3,1500,0.7227928508966884,0.7257967528562839,0.719562243502052,0.676962676962677
sorafenib_targets,RAF1,,RF,NA,NA,pan_cancer,NA,NA,NA,NA,NA,False,NA,gini,0.2,1500,0.723990517444242,0.7263980757666867,0.7158176943699732,0.6872586872586872
sorafenib_targets,RAF1,,RF,NA,NA,pan_cancer,NA,NA,NA,NA,NA,False,NA,gini,0.1,1500,0.7245548515300209,0.7269993986770896,0.7167785234899329,0.6872586872586872
sorafenib_targets,RAF1,,RF,NA,NA,pan_cancer,NA,NA,NA,NA,NA,False,NA,gini,sqrt,1500,0.7206735113055655,0.7221888153938665,0.7048114434330299,0.6975546975546976
sorafenib_targets,RAF1,,RF,NA,NA,pan_cancer,NA,NA,NA,NA,NA,False,NA,entropy,0.4,1500,0.7220701836954657,0.7251954299458809,0.7197802197802198,0.6743886743886743
sorafenib_targets,RAF1,,RF,NA,NA,pan_cancer,NA,NA,NA,NA,NA,False,NA,entropy,0.3,1500,0.725772854441026,0.7288033674082982,0.7232876712328767,0.6795366795366795
sorafenib_targets,RAF1,,RF,NA,NA,pan_cancer,NA,NA,NA,NA,NA,False,NA,entropy,0.2,1500,0.7275348550743584,0.7300060132291041,0.7204301075268817,0.6898326898326899
sorafenib_targets,RAF1,,RF,NA,NA,pan_cancer,NA,NA,NA,NA,NA,False,NA,entropy,0.1,1500,0.7236738512133546,0.7263980757666867,0.7181571815718157,0.6821106821106822
sorafenib_targets,RAF1,,RF,NA,NA,pan_cancer,NA,NA,NA,NA,NA,False,NA,entropy,sqrt,1500,0.7195550113157336,0.7215874924834637,0.7076719576719577,0.6885456885456885
sorafenib_targets,RAF1,,RF,NA,NA,pan_cancer,NA,NA,NA,NA,NA,False,NA,gini,0.4,2000,0.7245650197117466,0.7276007215874924,0.7219178082191781,0.6782496782496783
sorafenib_targets,RAF1,,RF,NA,NA,pan_cancer,NA,NA,NA,NA,NA,False,NA,gini,0.3,2000,0.7247233528271904,0.7276007215874924,0.720708446866485,0.6808236808236808
sorafenib_targets,RAF1,,RF,NA,NA,pan_cancer,NA,NA,NA,NA,NA,False,NA,gini,0.2,2000,0.7262478537873571,0.7288033674082982,0.7196765498652291,0.6872586872586872
sorafenib_targets,RAF1,,RF,NA,NA,pan_cancer,NA,NA,NA,NA,NA,False,NA,gini,0.1,2000,0.7264061869028009,0.7288033674082982,0.7184986595174263,0.6898326898326899
sorafenib_targets,RAF1,,RF,NA,NA,pan_cancer,NA,NA,NA,NA,NA,False,NA,gini,sqrt,2000,0.7218915142165707,0.7239927841250752,0.7108753315649867,0.6898326898326899
sorafenib_targets,RAF1,,RF,NA,NA,pan_cancer,NA,NA,NA,NA,NA,False,NA,entropy,0.4,2000,0.7225553512235228,0.7257967528562839,0.7213793103448276,0.6731016731016731
sorafenib_targets,RAF1,,RF,NA,NA,pan_cancer,NA,NA,NA,NA,NA,False,NA,entropy,0.3,2000,0.7251293537975254,0.7282020444978954,0.7229080932784636,0.6782496782496783
sorafenib_targets,RAF1,,RF,NA,NA,pan_cancer,NA,NA,NA,NA,NA,False,NA,entropy,0.2,2000,0.7267330213154141,0.7294046903187011,0.7212449255751014,0.685971685971686
sorafenib_targets,RAF1,,RF,NA,NA,pan_cancer,NA,NA,NA,NA,NA,False,NA,entropy,0.1,2000,0.723990517444242,0.7263980757666867,0.7158176943699732,0.6872586872586872
sorafenib_targets,RAF1,,RF,NA,NA,pan_cancer,NA,NA,NA,NA,NA,False,NA,entropy,sqrt,2000,0.7222873470051799,0.7239927841250752,0.7081151832460733,0.6962676962676962
